district,latitude,longitude,rainfall_mm,soil_moisture_pct,slope_angle_deg,historical_landslides,risk_label
Cherrapunji,25.2965,91.7026,7.41,91.52,41.79,47,Moderate
Cherrapunji,25.2965,91.7026,0.3,92.81,41.22,45,Moderate
Cherrapunji,25.2965,91.7026,2.06,87.71,35.14,49,Moderate
Cherrapunji,25.2965,91.7026,6.93,96.24,37.96,48,Moderate
Cherrapunji,25.2965,91.7026,0.4,98.0,37.08,39,Moderate
Cherrapunji,25.2965,91.7026,2.28,82.88,35.56,36,Moderate
Cherrapunji,25.2965,91.7026,2.01,72.31,40.4,49,Moderate
Cherrapunji,25.2965,91.7026,1.64,92.73,39.28,36,Moderate
Cherrapunji,25.2965,91.7026,7.84,69.45,37.38,41,Moderate
Cherrapunji,25.2965,91.7026,0.34,75.36,41.89,43,Moderate
Cherrapunji,25.2965,91.7026,4.27,91.13,41.28,36,Moderate
Cherrapunji,25.2965,91.7026,10.73,74.82,40.24,38,Moderate
Cherrapunji,25.2965,91.7026,3.19,90.27,37.42,49,Moderate
Cherrapunji,25.2965,91.7026,0.02,72.06,40.2,35,Moderate
Cherrapunji,25.2965,91.7026,0.39,90.67,38.16,38,Moderate
Cherrapunji,25.2965,91.7026,0.26,88.02,35.33,48,Moderate
Cherrapunji,25.2965,91.7026,2.11,74.52,37.31,41,Moderate
Cherrapunji,25.2965,91.7026,1.88,79.09,33.44,47,Moderate
Cherrapunji,25.2965,91.7026,3.27,98.0,37.66,31,Moderate
Cherrapunji,25.2965,91.7026,0.09,93.38,39.75,32,Moderate
Cherrapunji,25.2965,91.7026,0.77,81.13,33.68,44,Moderate
Cherrapunji,25.2965,91.7026,37.53,88.16,41.43,42,Moderate
Cherrapunji,25.2965,91.7026,30.65,63.71,39.44,39,Moderate
Cherrapunji,25.2965,91.7026,15.57,83.44,34.88,32,Moderate
Cherrapunji,25.2965,91.7026,1.65,98.0,38.96,36,Moderate
Cherrapunji,25.2965,91.7026,5.25,76.81,41.43,38,Moderate
Cherrapunji,25.2965,91.7026,1.43,89.49,36.91,51,Moderate
Cherrapunji,25.2965,91.7026,21.94,87.89,43.07,48,Moderate
Cherrapunji,25.2965,91.7026,10.99,72.78,33.71,33,Moderate
Cherrapunji,25.2965,91.7026,0.65,98.0,34.63,38,Moderate
Cherrapunji,25.2965,91.7026,44.51,83.39,39.68,36,Moderate
Cherrapunji,25.2965,91.7026,8.36,84.54,35.55,43,Moderate
Cherrapunji,25.2965,91.7026,14.05,71.76,38.61,40,Moderate
Cherrapunji,25.2965,91.7026,4.08,98.0,37.96,53,Moderate
Cherrapunji,25.2965,91.7026,11.09,78.22,38.82,40,Moderate
Cherrapunji,25.2965,91.7026,12.93,86.19,33.38,48,Moderate
Cherrapunji,25.2965,91.7026,0.81,82.52,30.98,43,Moderate
Cherrapunji,25.2965,91.7026,40.51,83.77,35.43,45,Moderate
Cherrapunji,25.2965,91.7026,7.51,76.19,34.66,49,Moderate
Cherrapunji,25.2965,91.7026,0.38,92.48,44.55,38,Moderate
Cherrapunji,25.2965,91.7026,56.52,85.3,38.03,33,Moderate
Cherrapunji,25.2965,91.7026,12.69,90.62,39.73,42,Moderate
Cherrapunji,25.2965,91.7026,37.1,88.09,45.83,43,Moderate
Cherrapunji,25.2965,91.7026,0.24,91.68,34.61,49,Moderate
Cherrapunji,25.2965,91.7026,58.18,98.0,40.09,48,High
Cherrapunji,25.2965,91.7026,26.51,86.54,39.03,50,Moderate
Cherrapunji,25.2965,91.7026,5.68,92.02,37.2,42,Moderate
Cherrapunji,25.2965,91.7026,2.6,97.7,37.35,40,Moderate
Cherrapunji,25.2965,91.7026,3.79,94.89,44.56,39,Moderate
Cherrapunji,25.2965,91.7026,36.62,97.34,37.46,45,Moderate
Cherrapunji,25.2965,91.7026,22.06,96.89,37.83,44,Moderate
Cherrapunji,25.2965,91.7026,35.57,77.72,38.27,44,Moderate
Cherrapunji,25.2965,91.7026,47.58,93.77,34.24,32,Moderate
Cherrapunji,25.2965,91.7026,2.72,98.0,30.48,42,Moderate
Cherrapunji,25.2965,91.7026,48.47,72.81,36.43,33,Moderate
Cherrapunji,25.2965,91.7026,0.97,98.0,36.5,45,Moderate
Cherrapunji,25.2965,91.7026,81.09,96.14,35.48,38,High
Cherrapunji,25.2965,91.7026,2.17,82.85,38.06,47,Moderate
Cherrapunji,25.2965,91.7026,106.53,98.0,38.54,57,High
Cherrapunji,25.2965,91.7026,61.89,73.4,44.11,46,High
Cherrapunji,25.2965,91.7026,12.59,80.92,32.9,41,Moderate
Cherrapunji,25.2965,91.7026,92.84,79.31,30.41,51,High
Cherrapunji,25.2965,91.7026,4.6,95.41,41.37,52,Moderate
Cherrapunji,25.2965,91.7026,0.25,98.0,31.52,48,Moderate
Cherrapunji,25.2965,91.7026,61.53,98.0,37.5,48,High
Cherrapunji,25.2965,91.7026,58.1,85.74,43.24,44,High
Cherrapunji,25.2965,91.7026,2.34,84.56,37.25,44,Moderate
Cherrapunji,25.2965,91.7026,23.34,92.13,32.09,35,Moderate
Cherrapunji,25.2965,91.7026,3.66,89.75,40.0,45,Moderate
Cherrapunji,25.2965,91.7026,2.55,92.87,33.33,46,Moderate
Cherrapunji,25.2965,91.7026,18.79,98.0,45.77,34,Moderate
Cherrapunji,25.2965,91.7026,7.98,98.0,38.41,40,Moderate
Cherrapunji,25.2965,91.7026,4.76,85.12,36.89,40,Moderate
Cherrapunji,25.2965,91.7026,5.03,98.0,37.08,45,Moderate
Cherrapunji,25.2965,91.7026,8.45,98.0,34.5,44,Moderate
Cherrapunji,25.2965,91.7026,19.1,97.21,40.53,42,Moderate
Cherrapunji,25.2965,91.7026,58.79,87.78,40.83,49,High
Cherrapunji,25.2965,91.7026,7.03,93.21,41.77,47,Moderate
Cherrapunji,25.2965,91.7026,66.7,98.0,41.63,44,High
Cherrapunji,25.2965,91.7026,10.54,98.0,40.02,38,Moderate
Cherrapunji,25.2965,91.7026,39.7,97.29,38.2,36,Moderate
Cherrapunji,25.2965,91.7026,3.07,98.0,44.2,43,Moderate
Cherrapunji,25.2965,91.7026,14.87,98.0,38.96,41,Moderate
Cherrapunji,25.2965,91.7026,2.7,91.81,40.08,36,Moderate
Cherrapunji,25.2965,91.7026,17.52,72.35,35.75,37,Moderate
Cherrapunji,25.2965,91.7026,53.93,98.0,37.94,29,Moderate
Cherrapunji,25.2965,91.7026,37.29,98.0,40.45,47,High
Cherrapunji,25.2965,91.7026,32.67,98.0,34.89,39,Moderate
Cherrapunji,25.2965,91.7026,36.16,98.0,39.67,44,Moderate
Cherrapunji,25.2965,91.7026,16.57,98.0,36.21,41,Moderate
Cherrapunji,25.2965,91.7026,12.22,98.0,33.41,44,Moderate
Cherrapunji,25.2965,91.7026,87.78,82.29,34.45,33,High
Cherrapunji,25.2965,91.7026,25.37,98.0,44.14,47,Moderate
Cherrapunji,25.2965,91.7026,17.15,93.58,37.02,40,Moderate
Cherrapunji,25.2965,91.7026,1.97,98.0,40.39,49,Moderate
Cherrapunji,25.2965,91.7026,2.91,92.15,40.06,50,Moderate
Cherrapunji,25.2965,91.7026,50.83,98.0,39.44,45,High
Cherrapunji,25.2965,91.7026,21.68,98.0,34.86,50,Moderate
Cherrapunji,25.2965,91.7026,133.89,87.02,37.41,35,High
Cherrapunji,25.2965,91.7026,16.8,98.0,45.68,38,Moderate
Cherrapunji,25.2965,91.7026,4.11,89.08,39.08,53,Moderate
Cherrapunji,25.2965,91.7026,3.99,95.35,40.56,45,Moderate
Cherrapunji,25.2965,91.7026,30.5,98.0,35.34,38,Moderate
Cherrapunji,25.2965,91.7026,12.29,98.0,36.67,47,Moderate
Cherrapunji,25.2965,91.7026,74.54,98.0,41.43,38,High
Cherrapunji,25.2965,91.7026,130.23,98.0,40.69,48,High
Cherrapunji,25.2965,91.7026,52.85,98.0,37.01,42,High
Cherrapunji,25.2965,91.7026,0.68,98.0,30.38,29,Moderate
Cherrapunji,25.2965,91.7026,44.39,98.0,34.89,40,Moderate
Cherrapunji,25.2965,91.7026,88.54,98.0,37.72,40,High
Cherrapunji,25.2965,91.7026,3.93,98.0,37.76,42,Moderate
Cherrapunji,25.2965,91.7026,31.88,98.0,38.16,38,Moderate
Cherrapunji,25.2965,91.7026,38.62,98.0,39.49,54,High
Cherrapunji,25.2965,91.7026,35.84,98.0,40.42,34,Moderate
Cherrapunji,25.2965,91.7026,0.08,98.0,32.83,44,Moderate
Cherrapunji,25.2965,91.7026,54.27,96.2,38.85,50,High
Cherrapunji,25.2965,91.7026,6.98,98.0,38.54,53,Moderate
Cherrapunji,25.2965,91.7026,61.71,98.0,41.49,48,High
Cherrapunji,25.2965,91.7026,10.81,98.0,40.73,46,Moderate
Cherrapunji,25.2965,91.7026,98.64,98.0,43.23,33,High
Cherrapunji,25.2965,91.7026,82.35,98.0,33.94,51,High
Cherrapunji,25.2965,91.7026,62.74,98.0,34.12,38,High
Cherrapunji,25.2965,91.7026,151.68,98.0,42.21,51,Severe
Cherrapunji,25.2965,91.7026,60.19,98.0,39.83,46,High
Cherrapunji,25.2965,91.7026,107.02,98.0,39.26,42,High
Cherrapunji,25.2965,91.7026,2.85,98.0,39.35,35,Moderate
Cherrapunji,25.2965,91.7026,170.26,98.0,31.09,40,High
Cherrapunji,25.2965,91.7026,99.9,98.0,43.97,50,High
Cherrapunji,25.2965,91.7026,3.12,98.0,37.32,46,Moderate
Cherrapunji,25.2965,91.7026,26.03,98.0,41.48,40,Moderate
Cherrapunji,25.2965,91.7026,278.71,98.0,38.61,40,Severe
Cherrapunji,25.2965,91.7026,6.63,93.75,40.83,37,Moderate
Cherrapunji,25.2965,91.7026,104.86,98.0,41.41,35,High
Cherrapunji,25.2965,91.7026,35.04,98.0,34.97,58,Moderate
Cherrapunji,25.2965,91.7026,38.92,98.0,37.73,30,Moderate
Cherrapunji,25.2965,91.7026,17.35,88.1,32.54,44,Moderate
Cherrapunji,25.2965,91.7026,0.0,98.0,36.13,47,Moderate
Cherrapunji,25.2965,91.7026,0.0,98.0,44.06,55,Moderate
Cherrapunji,25.2965,91.7026,113.66,91.76,35.87,40,High
Cherrapunji,25.2965,91.7026,0.0,98.0,40.35,37,Moderate
Cherrapunji,25.2965,91.7026,0.0,96.81,37.92,42,Moderate
Cherrapunji,25.2965,91.7026,6.41,98.0,40.07,42,Moderate
Cherrapunji,25.2965,91.7026,0.0,98.0,41.79,38,Moderate
Cherrapunji,25.2965,91.7026,0.0,98.0,28.24,49,Moderate
Cherrapunji,25.2965,91.7026,0.0,90.9,36.01,39,Moderate
Cherrapunji,25.2965,91.7026,0.0,98.0,38.96,41,Moderate
Cherrapunji,25.2965,91.7026,0.0,98.0,38.62,34,Moderate
Cherrapunji,25.2965,91.7026,0.0,92.11,42.37,45,Moderate
Cherrapunji,25.2965,91.7026,0.0,98.0,41.07,50,Moderate
Cherrapunji,25.2965,91.7026,0.0,98.0,37.44,45,Moderate
Cherrapunji,25.2965,91.7026,163.47,98.0,39.73,46,Severe
Cherrapunji,25.2965,91.7026,109.26,95.23,37.05,41,High
Cherrapunji,25.2965,91.7026,0.96,89.18,41.15,36,Moderate
Cherrapunji,25.2965,91.7026,60.34,82.72,38.68,37,Moderate
Cherrapunji,25.2965,91.7026,5.46,96.09,39.93,43,Moderate
Cherrapunji,25.2965,91.7026,115.18,93.29,38.48,40,High
Cherrapunji,25.2965,91.7026,0.12,92.92,41.95,41,Moderate
Cherrapunji,25.2965,91.7026,58.28,98.0,40.94,44,High
Cherrapunji,25.2965,91.7026,4.34,98.0,35.16,47,Moderate
Cherrapunji,25.2965,91.7026,12.91,98.0,39.02,38,Moderate
Cherrapunji,25.2965,91.7026,19.27,98.0,36.9,50,Moderate
Cherrapunji,25.2965,91.7026,0.02,97.48,43.56,34,Moderate
Cherrapunji,25.2965,91.7026,1.38,77.01,35.3,34,Moderate
Cherrapunji,25.2965,91.7026,21.87,98.0,39.35,34,Moderate
Cherrapunji,25.2965,91.7026,5.09,88.85,33.61,49,Moderate
Cherrapunji,25.2965,91.7026,10.3,93.02,41.28,32,Moderate
Cherrapunji,25.2965,91.7026,11.97,98.0,40.32,39,Moderate
Cherrapunji,25.2965,91.7026,52.23,98.0,41.44,47,High
Cherrapunji,25.2965,91.7026,8.13,89.41,38.78,32,Moderate
Cherrapunji,25.2965,91.7026,9.56,92.89,38.51,41,Moderate
Cherrapunji,25.2965,91.7026,0.13,98.0,38.16,34,Moderate
Cherrapunji,25.2965,91.7026,30.22,81.53,43.34,40,Moderate
Cherrapunji,25.2965,91.7026,2.85,87.5,38.51,41,Moderate
Cherrapunji,25.2965,91.7026,2.22,88.54,40.92,31,Moderate
Cherrapunji,25.2965,91.7026,1.58,90.23,41.87,34,Moderate
Cherrapunji,25.2965,91.7026,6.88,88.41,43.66,51,Moderate
Cherrapunji,25.2965,91.7026,2.25,85.85,33.22,43,Moderate
Cherrapunji,25.2965,91.7026,31.02,84.27,37.23,44,Moderate
Cherrapunji,25.2965,91.7026,2.89,87.54,32.9,43,Moderate
Cherrapunji,25.2965,91.7026,3.07,75.19,41.49,45,Moderate
Cherrapunji,25.2965,91.7026,0.0,85.23,39.78,35,Moderate
Cherrapunji,25.2965,91.7026,7.48,85.83,41.13,36,Moderate
Cherrapunji,25.2965,91.7026,1.86,98.0,34.8,36,Moderate
Cherrapunji,25.2965,91.7026,1.59,81.89,36.14,39,Moderate
Cherrapunji,25.2965,91.7026,3.0,95.07,36.79,32,Moderate
Cherrapunji,25.2965,91.7026,0.53,74.25,43.14,47,Moderate
Cherrapunji,25.2965,91.7026,5.91,93.49,36.48,43,Moderate
Cherrapunji,25.2965,91.7026,0.96,74.36,38.8,40,Moderate
Cherrapunji,25.2965,91.7026,0.62,92.39,43.93,50,Moderate
Cherrapunji,25.2965,91.7026,3.02,96.65,38.74,40,Moderate
Cherrapunji,25.2965,91.7026,4.42,78.24,39.56,43,Moderate
Cherrapunji,25.2965,91.7026,2.85,98.0,36.81,46,Moderate
Cherrapunji,25.2965,91.7026,1.37,85.71,38.1,44,Moderate
Cherrapunji,25.2965,91.7026,0.16,82.46,39.81,43,Moderate
Cherrapunji,25.2965,91.7026,0.1,89.84,37.74,42,Moderate
Cherrapunji,25.2965,91.7026,0.0,72.94,38.42,39,Moderate
Cherrapunji,25.2965,91.7026,1.95,82.26,31.05,35,Moderate
Cherrapunji,25.2965,91.7026,25.56,60.74,40.65,42,Moderate
Cherrapunji,25.2965,91.7026,3.98,82.73,34.37,38,Moderate
Cherrapunji,25.2965,91.7026,5.79,98.0,35.84,45,Moderate
Shillong,25.5788,91.8933,0.79,68.89,34.59,26,Moderate
Shillong,25.5788,91.8933,0.47,74.02,24.63,24,Low
Shillong,25.5788,91.8933,1.7,71.29,33.5,33,Moderate
Shillong,25.5788,91.8933,0.56,70.88,32.74,39,Moderate
Shillong,25.5788,91.8933,0.84,75.76,30.82,32,Moderate
Shillong,25.5788,91.8933,0.1,85.73,32.83,26,Moderate
Shillong,25.5788,91.8933,1.81,64.06,29.88,23,Low
Shillong,25.5788,91.8933,0.26,55.33,35.85,19,Low
Shillong,25.5788,91.8933,1.42,68.37,32.22,26,Moderate
Shillong,25.5788,91.8933,1.6,49.08,31.53,18,Low
Shillong,25.5788,91.8933,1.23,57.44,28.85,28,Low
Shillong,25.5788,91.8933,0.16,47.89,37.72,21,Low
Shillong,25.5788,91.8933,2.32,52.5,35.34,14,Low
Shillong,25.5788,91.8933,0.21,60.79,33.63,34,Moderate
Shillong,25.5788,91.8933,0.74,71.73,29.73,28,Moderate
Shillong,25.5788,91.8933,0.41,80.28,28.22,21,Moderate
Shillong,25.5788,91.8933,0.35,66.88,30.44,27,Low
Shillong,25.5788,91.8933,0.38,58.29,34.09,22,Low
Shillong,25.5788,91.8933,0.14,58.11,28.16,26,Low
Shillong,25.5788,91.8933,0.83,37.84,26.83,26,Low
Shillong,25.5788,91.8933,0.03,81.79,30.7,25,Moderate
Shillong,25.5788,91.8933,0.73,72.5,30.83,31,Moderate
Shillong,25.5788,91.8933,1.35,68.31,37.45,28,Moderate
Shillong,25.5788,91.8933,7.21,72.0,34.66,26,Moderate
Shillong,25.5788,91.8933,0.68,49.72,31.58,21,Low
Shillong,25.5788,91.8933,2.07,65.77,38.54,38,Moderate
Shillong,25.5788,91.8933,0.18,73.03,31.6,30,Moderate
Shillong,25.5788,91.8933,0.15,53.67,32.35,22,Low
Shillong,25.5788,91.8933,0.09,56.68,29.96,26,Low
Shillong,25.5788,91.8933,2.07,55.59,29.22,22,Low
Shillong,25.5788,91.8933,0.15,72.39,23.82,30,Low
Shillong,25.5788,91.8933,0.3,72.88,34.33,24,Moderate
Shillong,25.5788,91.8933,2.21,80.52,30.1,28,Moderate
Shillong,25.5788,91.8933,4.61,78.19,35.39,26,Moderate
Shillong,25.5788,91.8933,2.18,58.95,38.23,21,Low
Shillong,25.5788,91.8933,6.85,79.0,32.03,22,Moderate
Shillong,25.5788,91.8933,12.22,62.57,33.13,20,Low
Shillong,25.5788,91.8933,0.06,66.95,26.38,29,Low
Shillong,25.5788,91.8933,0.32,69.14,29.83,19,Low
Shillong,25.5788,91.8933,5.83,64.25,27.13,22,Low
Shillong,25.5788,91.8933,4.91,70.47,26.11,21,Low
Shillong,25.5788,91.8933,2.21,82.5,30.66,31,Moderate
Shillong,25.5788,91.8933,1.11,47.16,34.5,21,Low
Shillong,25.5788,91.8933,1.56,68.86,28.65,24,Low
Shillong,25.5788,91.8933,0.53,70.05,35.16,25,Moderate
Shillong,25.5788,91.8933,0.34,75.68,31.88,34,Moderate
Shillong,25.5788,91.8933,0.6,70.17,31.48,37,Moderate
Shillong,25.5788,91.8933,0.46,73.84,28.54,20,Low
Shillong,25.5788,91.8933,5.06,72.52,35.16,32,Moderate
Shillong,25.5788,91.8933,0.05,58.4,28.29,30,Low
Shillong,25.5788,91.8933,5.01,52.95,34.61,33,Low
Shillong,25.5788,91.8933,7.21,49.93,33.47,22,Low
Shillong,25.5788,91.8933,2.88,72.28,28.77,34,Moderate
Shillong,25.5788,91.8933,6.97,71.7,25.71,28,Low
Shillong,25.5788,91.8933,2.0,76.89,28.75,33,Moderate
Shillong,25.5788,91.8933,8.01,83.95,32.48,32,Moderate
Shillong,25.5788,91.8933,0.75,68.69,35.5,15,Low
Shillong,25.5788,91.8933,1.87,68.72,25.7,33,Low
Shillong,25.5788,91.8933,3.18,97.81,25.12,29,Moderate
Shillong,25.5788,91.8933,7.19,93.1,29.61,28,Moderate
Shillong,25.5788,91.8933,14.28,51.31,33.44,23,Low
Shillong,25.5788,91.8933,0.71,60.09,28.88,27,Low
Shillong,25.5788,91.8933,4.63,73.76,30.45,29,Moderate
Shillong,25.5788,91.8933,1.51,72.17,28.33,22,Low
Shillong,25.5788,91.8933,0.89,60.95,33.55,32,Low
Shillong,25.5788,91.8933,7.84,83.0,28.49,34,Moderate
Shillong,25.5788,91.8933,3.66,80.35,37.18,28,Moderate
Shillong,25.5788,91.8933,0.35,66.29,28.99,17,Low
Shillong,25.5788,91.8933,2.38,84.75,27.99,30,Moderate
Shillong,25.5788,91.8933,12.67,77.05,26.67,26,Moderate
Shillong,25.5788,91.8933,22.63,78.44,27.27,30,Moderate
Shillong,25.5788,91.8933,3.63,66.5,33.61,25,Moderate
Shillong,25.5788,91.8933,0.0,73.33,24.72,20,Low
Shillong,25.5788,91.8933,1.66,72.24,31.52,22,Moderate
Shillong,25.5788,91.8933,3.42,85.94,24.37,21,Moderate
Shillong,25.5788,91.8933,1.11,71.71,33.53,28,Moderate
Shillong,25.5788,91.8933,23.55,82.78,28.12,23,Moderate
Shillong,25.5788,91.8933,46.13,76.91,27.29,27,Moderate
Shillong,25.5788,91.8933,3.49,73.75,36.37,23,Moderate
Shillong,25.5788,91.8933,0.39,61.36,26.61,21,Low
Shillong,25.5788,91.8933,1.59,78.65,30.15,16,Moderate
Shillong,25.5788,91.8933,13.92,62.36,33.49,25,Moderate
Shillong,25.5788,91.8933,11.18,77.91,30.47,34,Moderate
Shillong,25.5788,91.8933,0.5,70.72,29.04,26,Low
Shillong,25.5788,91.8933,3.13,60.07,33.74,24,Low
Shillong,25.5788,91.8933,0.04,87.0,27.48,30,Moderate
Shillong,25.5788,91.8933,13.46,76.5,27.22,22,Moderate
Shillong,25.5788,91.8933,1.64,88.86,29.63,38,Moderate
Shillong,25.5788,91.8933,16.58,88.69,28.47,27,Moderate
Shillong,25.5788,91.8933,24.67,53.86,29.04,27,Low
Shillong,25.5788,91.8933,15.06,94.6,24.47,26,Moderate
Shillong,25.5788,91.8933,2.74,74.16,34.23,20,Moderate
Shillong,25.5788,91.8933,5.23,97.27,26.47,32,Moderate
Shillong,25.5788,91.8933,24.92,76.32,26.74,22,Moderate
Shillong,25.5788,91.8933,0.39,75.24,28.15,26,Moderate
Shillong,25.5788,91.8933,2.38,77.79,31.95,32,Moderate
Shillong,25.5788,91.8933,49.85,78.47,31.78,26,Moderate
Shillong,25.5788,91.8933,0.91,89.18,32.03,19,Moderate
Shillong,25.5788,91.8933,4.29,81.27,31.57,28,Moderate
Shillong,25.5788,91.8933,10.66,86.51,36.71,25,Moderate
Shillong,25.5788,91.8933,20.39,81.81,28.45,24,Moderate
Shillong,25.5788,91.8933,0.48,89.79,32.01,27,Moderate
Shillong,25.5788,91.8933,3.1,90.08,29.34,25,Moderate
Shillong,25.5788,91.8933,1.12,98.0,30.87,25,Moderate
Shillong,25.5788,91.8933,3.78,98.0,33.51,19,Moderate
Shillong,25.5788,91.8933,7.96,96.82,32.87,22,Moderate
Shillong,25.5788,91.8933,33.77,96.65,22.09,24,Moderate
Shillong,25.5788,91.8933,5.09,86.37,34.69,29,Moderate
Shillong,25.5788,91.8933,4.35,98.0,28.53,24,Moderate
Shillong,25.5788,91.8933,10.29,92.02,27.27,19,Moderate
Shillong,25.5788,91.8933,20.2,96.83,29.47,28,Moderate
Shillong,25.5788,91.8933,17.65,93.73,32.53,26,Moderate
Shillong,25.5788,91.8933,12.01,96.31,30.51,13,Moderate
Shillong,25.5788,91.8933,2.38,91.56,26.7,24,Moderate
Shillong,25.5788,91.8933,4.05,95.07,32.55,21,Moderate
Shillong,25.5788,91.8933,7.96,84.71,32.84,34,Moderate
Shillong,25.5788,91.8933,21.93,98.0,28.38,30,Moderate
Shillong,25.5788,91.8933,14.14,88.2,29.41,27,Moderate
Shillong,25.5788,91.8933,0.6,94.9,32.94,25,Moderate
Shillong,25.5788,91.8933,4.85,90.29,31.58,33,Moderate
Shillong,25.5788,91.8933,3.65,81.58,31.44,26,Moderate
Shillong,25.5788,91.8933,4.07,93.89,34.94,32,Moderate
Shillong,25.5788,91.8933,8.22,92.86,35.61,19,Moderate
Shillong,25.5788,91.8933,17.25,80.24,34.48,16,Moderate
Shillong,25.5788,91.8933,2.53,81.2,27.44,34,Moderate
Shillong,25.5788,91.8933,3.57,96.44,28.6,20,Moderate
Shillong,25.5788,91.8933,34.38,95.72,35.57,19,Moderate
Shillong,25.5788,91.8933,58.28,81.16,27.43,25,Moderate
Shillong,25.5788,91.8933,40.07,94.48,32.98,23,Moderate
Shillong,25.5788,91.8933,0.53,72.26,31.26,19,Low
Shillong,25.5788,91.8933,4.37,96.93,27.94,24,Moderate
Shillong,25.5788,91.8933,4.71,87.86,31.25,24,Moderate
Shillong,25.5788,91.8933,8.46,90.57,33.32,40,Moderate
Shillong,25.5788,91.8933,43.18,95.78,29.68,25,Moderate
Shillong,25.5788,91.8933,9.4,89.78,30.86,29,Moderate
Shillong,25.5788,91.8933,12.09,90.53,28.42,33,Moderate
Shillong,25.5788,91.8933,1.41,84.04,32.9,21,Moderate
Shillong,25.5788,91.8933,8.86,80.88,30.88,21,Moderate
Shillong,25.5788,91.8933,49.06,90.69,32.92,14,Moderate
Shillong,25.5788,91.8933,7.67,88.02,22.87,25,Moderate
Shillong,25.5788,91.8933,1.58,86.78,22.88,17,Low
Shillong,25.5788,91.8933,0.0,87.35,30.45,26,Moderate
Shillong,25.5788,91.8933,0.0,90.35,31.64,21,Moderate
Shillong,25.5788,91.8933,1.89,92.32,32.17,25,Moderate
Shillong,25.5788,91.8933,19.07,65.46,32.76,23,Moderate
Shillong,25.5788,91.8933,0.0,76.19,30.13,22,Moderate
Shillong,25.5788,91.8933,0.26,81.4,35.72,20,Moderate
Shillong,25.5788,91.8933,0.0,86.23,32.48,22,Moderate
Shillong,25.5788,91.8933,0.0,93.84,35.19,22,Moderate
Shillong,25.5788,91.8933,0.0,82.96,34.7,32,Moderate
Shillong,25.5788,91.8933,0.0,89.61,34.87,17,Moderate
Shillong,25.5788,91.8933,11.73,89.38,27.81,22,Moderate
Shillong,25.5788,91.8933,0.29,80.18,33.38,31,Moderate
Shillong,25.5788,91.8933,3.23,85.76,36.7,25,Moderate
Shillong,25.5788,91.8933,2.48,84.86,29.84,19,Moderate
Shillong,25.5788,91.8933,7.26,70.12,22.66,28,Low
Shillong,25.5788,91.8933,9.62,58.34,29.39,27,Low
Shillong,25.5788,91.8933,2.04,54.06,33.67,21,Low
Shillong,25.5788,91.8933,2.43,69.25,30.56,27,Moderate
Shillong,25.5788,91.8933,4.73,76.48,28.76,28,Moderate
Shillong,25.5788,91.8933,3.9,76.57,29.96,33,Moderate
Shillong,25.5788,91.8933,0.18,56.64,26.16,32,Low
Shillong,25.5788,91.8933,3.69,79.83,23.06,29,Moderate
Shillong,25.5788,91.8933,0.36,94.74,29.18,26,Moderate
Shillong,25.5788,91.8933,0.22,63.48,31.56,30,Low
Shillong,25.5788,91.8933,0.24,63.84,32.17,33,Moderate
Shillong,25.5788,91.8933,3.18,81.86,40.31,37,Moderate
Shillong,25.5788,91.8933,19.18,69.56,31.51,25,Moderate
Shillong,25.5788,91.8933,0.16,57.47,26.6,20,Low
Shillong,25.5788,91.8933,1.9,65.66,35.83,24,Moderate
Shillong,25.5788,91.8933,9.4,60.99,31.33,28,Low
Shillong,25.5788,91.8933,3.25,88.23,28.12,31,Moderate
Shillong,25.5788,91.8933,0.01,71.14,34.17,23,Moderate
Shillong,25.5788,91.8933,1.75,78.22,28.74,23,Moderate
Shillong,25.5788,91.8933,1.86,68.85,23.53,23,Low
Shillong,25.5788,91.8933,0.01,80.15,32.9,28,Moderate
Shillong,25.5788,91.8933,4.06,79.12,30.13,13,Moderate
Shillong,25.5788,91.8933,2.83,64.2,31.24,32,Moderate
Shillong,25.5788,91.8933,2.48,87.89,30.45,32,Moderate
Shillong,25.5788,91.8933,1.27,64.65,35.22,24,Low
Shillong,25.5788,91.8933,8.23,80.52,28.17,18,Moderate
Shillong,25.5788,91.8933,11.81,74.14,30.08,25,Moderate
Shillong,25.5788,91.8933,0.02,90.27,25.13,29,Moderate
Shillong,25.5788,91.8933,7.91,49.22,32.56,22,Low
Shillong,25.5788,91.8933,0.23,83.23,32.46,27,Moderate
Shillong,25.5788,91.8933,1.26,73.03,39.16,17,Moderate
Shillong,25.5788,91.8933,5.07,72.15,28.34,25,Moderate
Shillong,25.5788,91.8933,3.61,78.01,30.9,27,Moderate
Shillong,25.5788,91.8933,0.41,82.43,32.28,28,Moderate
Shillong,25.5788,91.8933,3.46,60.11,35.53,24,Low
Shillong,25.5788,91.8933,0.09,82.45,30.89,24,Moderate
Shillong,25.5788,91.8933,0.97,66.37,34.1,27,Moderate
Shillong,25.5788,91.8933,1.55,64.41,24.7,27,Low
Shillong,25.5788,91.8933,0.9,84.91,28.8,20,Moderate
Shillong,25.5788,91.8933,0.4,83.0,28.34,22,Moderate
Shillong,25.5788,91.8933,7.96,68.39,35.19,33,Moderate
Shillong,25.5788,91.8933,3.55,66.19,33.53,29,Moderate
Shillong,25.5788,91.8933,0.64,58.76,36.26,33,Moderate
Shillong,25.5788,91.8933,0.18,92.26,27.5,22,Moderate
Shillong,25.5788,91.8933,4.35,68.13,29.15,26,Low
Aizawl,23.7271,92.7176,0.2,66.77,34.58,35,Moderate
Aizawl,23.7271,92.7176,0.2,69.78,34.85,32,Moderate
Aizawl,23.7271,92.7176,1.44,78.62,34.96,31,Moderate
Aizawl,23.7271,92.7176,0.08,56.04,37.39,25,Low
Aizawl,23.7271,92.7176,0.85,66.87,30.6,25,Low
Aizawl,23.7271,92.7176,0.1,86.64,29.12,37,Moderate
Aizawl,23.7271,92.7176,1.61,70.12,40.7,34,Moderate
Aizawl,23.7271,92.7176,1.17,77.7,32.78,22,Moderate
Aizawl,23.7271,92.7176,0.07,85.63,36.54,34,Moderate
Aizawl,23.7271,92.7176,0.39,73.27,38.27,35,Moderate
Aizawl,23.7271,92.7176,0.33,74.45,36.2,24,Moderate
Aizawl,23.7271,92.7176,0.35,75.53,40.31,26,Moderate
Aizawl,23.7271,92.7176,2.26,70.07,32.63,29,Moderate
Aizawl,23.7271,92.7176,0.34,62.08,31.24,38,Moderate
Aizawl,23.7271,92.7176,1.25,69.74,32.49,31,Moderate
Aizawl,23.7271,92.7176,0.84,65.46,29.58,28,Low
Aizawl,23.7271,92.7176,0.18,69.07,35.22,38,Moderate
Aizawl,23.7271,92.7176,0.01,58.47,36.2,33,Moderate
Aizawl,23.7271,92.7176,1.51,67.71,30.14,35,Moderate
Aizawl,23.7271,92.7176,0.2,56.44,41.93,30,Moderate
Aizawl,23.7271,92.7176,2.79,72.22,35.23,27,Moderate
Aizawl,23.7271,92.7176,0.02,79.31,32.26,26,Moderate
Aizawl,23.7271,92.7176,1.07,78.51,36.13,29,Moderate
Aizawl,23.7271,92.7176,0.58,89.45,35.42,42,Moderate
Aizawl,23.7271,92.7176,0.58,68.93,37.76,31,Moderate
Aizawl,23.7271,92.7176,0.06,84.36,38.86,32,Moderate
Aizawl,23.7271,92.7176,0.01,55.5,36.77,27,Low
Aizawl,23.7271,92.7176,0.2,70.45,33.93,22,Moderate
Aizawl,23.7271,92.7176,0.38,59.25,36.85,42,Moderate
Aizawl,23.7271,92.7176,0.09,93.08,42.54,26,Moderate
Aizawl,23.7271,92.7176,0.56,80.2,36.61,32,Moderate
Aizawl,23.7271,92.7176,0.11,82.52,39.22,24,Moderate
Aizawl,23.7271,92.7176,3.21,66.44,41.31,34,Moderate
Aizawl,23.7271,92.7176,1.07,66.82,46.51,34,Moderate
Aizawl,23.7271,92.7176,0.39,78.85,37.8,30,Moderate
Aizawl,23.7271,92.7176,0.1,79.37,27.95,26,Moderate
Aizawl,23.7271,92.7176,0.28,81.26,38.93,38,Moderate
Aizawl,23.7271,92.7176,4.7,74.23,34.64,28,Moderate
Aizawl,23.7271,92.7176,0.0,71.82,33.48,48,Moderate
Aizawl,23.7271,92.7176,2.28,69.58,38.63,27,Moderate
Aizawl,23.7271,92.7176,0.32,74.11,35.94,41,Moderate
Aizawl,23.7271,92.7176,5.69,73.35,42.41,38,Moderate
Aizawl,23.7271,92.7176,0.61,93.96,42.21,26,Moderate
Aizawl,23.7271,92.7176,1.94,65.47,33.54,37,Moderate
Aizawl,23.7271,92.7176,1.94,64.7,34.71,32,Moderate
Aizawl,23.7271,92.7176,4.13,74.19,33.17,23,Moderate
Aizawl,23.7271,92.7176,4.22,76.88,36.6,34,Moderate
Aizawl,23.7271,92.7176,3.56,66.51,38.44,26,Moderate
Aizawl,23.7271,92.7176,4.07,68.02,37.66,24,Moderate
Aizawl,23.7271,92.7176,6.95,77.93,36.87,20,Moderate
Aizawl,23.7271,92.7176,0.46,77.88,39.4,33,Moderate
Aizawl,23.7271,92.7176,17.36,85.22,33.06,33,Moderate
Aizawl,23.7271,92.7176,0.86,97.5,35.12,36,Moderate
Aizawl,23.7271,92.7176,2.65,84.15,41.35,27,Moderate
Aizawl,23.7271,92.7176,2.15,81.45,44.17,30,Moderate
Aizawl,23.7271,92.7176,0.53,90.24,34.63,40,Moderate
Aizawl,23.7271,92.7176,4.1,79.34,38.39,23,Moderate
Aizawl,23.7271,92.7176,8.01,91.92,33.82,30,Moderate
Aizawl,23.7271,92.7176,16.7,76.73,28.64,46,Moderate
Aizawl,23.7271,92.7176,0.07,80.34,35.85,44,Moderate
Aizawl,23.7271,92.7176,4.59,69.75,37.05,28,Moderate
Aizawl,23.7271,92.7176,6.01,94.64,35.38,24,Moderate
Aizawl,23.7271,92.7176,0.98,86.9,37.63,28,Moderate
Aizawl,23.7271,92.7176,0.57,73.01,35.53,30,Moderate
Aizawl,23.7271,92.7176,6.26,98.0,36.4,36,Moderate
Aizawl,23.7271,92.7176,1.17,98.0,32.84,37,Moderate
Aizawl,23.7271,92.7176,6.61,94.72,32.8,28,Moderate
Aizawl,23.7271,92.7176,0.55,84.34,33.97,40,Moderate
Aizawl,23.7271,92.7176,0.44,96.94,33.47,22,Moderate
Aizawl,23.7271,92.7176,0.17,97.84,33.5,34,Moderate
Aizawl,23.7271,92.7176,14.62,83.85,35.96,42,Moderate
Aizawl,23.7271,92.7176,3.15,86.91,40.05,24,Moderate
Aizawl,23.7271,92.7176,3.99,87.89,36.45,32,Moderate
Aizawl,23.7271,92.7176,0.5,84.13,37.25,40,Moderate
Aizawl,23.7271,92.7176,21.65,85.07,33.62,23,Moderate
Aizawl,23.7271,92.7176,1.78,89.93,42.7,24,Moderate
Aizawl,23.7271,92.7176,1.26,88.28,38.72,36,Moderate
Aizawl,23.7271,92.7176,5.7,76.79,45.15,31,Moderate
Aizawl,23.7271,92.7176,0.55,90.02,37.74,28,Moderate
Aizawl,23.7271,92.7176,17.55,78.36,32.59,23,Moderate
Aizawl,23.7271,92.7176,1.73,84.95,38.52,27,Moderate
Aizawl,23.7271,92.7176,0.06,69.57,33.31,32,Moderate
Aizawl,23.7271,92.7176,0.18,77.32,34.55,28,Moderate
Aizawl,23.7271,92.7176,0.68,72.75,35.39,45,Moderate
Aizawl,23.7271,92.7176,5.56,80.37,33.79,31,Moderate
Aizawl,23.7271,92.7176,0.08,98.0,33.88,33,Moderate
Aizawl,23.7271,92.7176,4.42,98.0,39.31,31,Moderate
Aizawl,23.7271,92.7176,0.06,84.27,35.58,18,Moderate
Aizawl,23.7271,92.7176,0.06,82.66,38.84,42,Moderate
Aizawl,23.7271,92.7176,8.92,98.0,31.77,22,Moderate
Aizawl,23.7271,92.7176,4.43,84.98,31.08,38,Moderate
Aizawl,23.7271,92.7176,23.42,79.36,39.18,27,Moderate
Aizawl,23.7271,92.7176,1.78,84.65,34.62,39,Moderate
Aizawl,23.7271,92.7176,6.22,88.51,37.18,23,Moderate
Aizawl,23.7271,92.7176,11.0,98.0,34.66,29,Moderate
Aizawl,23.7271,92.7176,2.83,85.75,34.4,31,Moderate
Aizawl,23.7271,92.7176,10.8,86.01,39.33,33,Moderate
Aizawl,23.7271,92.7176,2.85,91.24,36.77,30,Moderate
Aizawl,23.7271,92.7176,0.1,92.81,34.26,30,Moderate
Aizawl,23.7271,92.7176,2.3,98.0,37.5,26,Moderate
Aizawl,23.7271,92.7176,6.92,98.0,35.19,24,Moderate
Aizawl,23.7271,92.7176,14.42,98.0,30.18,34,Moderate
Aizawl,23.7271,92.7176,0.33,98.0,37.85,31,Moderate
Aizawl,23.7271,92.7176,7.65,96.83,36.0,31,Moderate
Aizawl,23.7271,92.7176,3.19,84.52,34.58,38,Moderate
Aizawl,23.7271,92.7176,13.63,98.0,37.69,22,Moderate
Aizawl,23.7271,92.7176,48.17,92.74,34.59,21,Moderate
Aizawl,23.7271,92.7176,3.69,98.0,27.89,27,Moderate
Aizawl,23.7271,92.7176,0.15,98.0,34.81,34,Moderate
Aizawl,23.7271,92.7176,3.67,86.03,33.76,30,Moderate
Aizawl,23.7271,92.7176,0.01,98.0,34.05,33,Moderate
Aizawl,23.7271,92.7176,3.37,92.84,32.14,32,Moderate
Aizawl,23.7271,92.7176,9.13,82.22,34.07,41,Moderate
Aizawl,23.7271,92.7176,5.96,85.64,31.43,34,Moderate
Aizawl,23.7271,92.7176,14.57,98.0,35.66,38,Moderate
Aizawl,23.7271,92.7176,0.88,89.74,36.03,29,Moderate
Aizawl,23.7271,92.7176,5.32,98.0,35.4,35,Moderate
Aizawl,23.7271,92.7176,7.38,98.0,37.64,40,Moderate
Aizawl,23.7271,92.7176,11.3,94.29,36.15,31,Moderate
Aizawl,23.7271,92.7176,0.65,98.0,34.49,23,Moderate
Aizawl,23.7271,92.7176,27.35,93.94,35.67,30,Moderate
Aizawl,23.7271,92.7176,15.46,98.0,32.84,24,Moderate
Aizawl,23.7271,92.7176,36.04,98.0,30.86,28,Moderate
Aizawl,23.7271,92.7176,6.57,80.36,40.77,32,Moderate
Aizawl,23.7271,92.7176,7.63,98.0,31.22,41,Moderate
Aizawl,23.7271,92.7176,7.49,98.0,34.05,31,Moderate
Aizawl,23.7271,92.7176,0.95,89.77,34.81,29,Moderate
Aizawl,23.7271,92.7176,2.39,98.0,34.99,36,Moderate
Aizawl,23.7271,92.7176,16.56,87.42,36.37,31,Moderate
Aizawl,23.7271,92.7176,2.92,88.96,37.59,22,Moderate
Aizawl,23.7271,92.7176,34.8,96.28,37.36,24,Moderate
Aizawl,23.7271,92.7176,1.89,98.0,34.71,26,Moderate
Aizawl,23.7271,92.7176,1.96,86.09,30.41,39,Moderate
Aizawl,23.7271,92.7176,14.83,98.0,37.45,27,Moderate
Aizawl,23.7271,92.7176,27.07,98.0,35.26,34,Moderate
Aizawl,23.7271,92.7176,1.5,98.0,33.14,30,Moderate
Aizawl,23.7271,92.7176,1.59,98.0,34.92,27,Moderate
Aizawl,23.7271,92.7176,17.88,91.15,31.4,29,Moderate
Aizawl,23.7271,92.7176,22.19,94.92,38.78,28,Moderate
Aizawl,23.7271,92.7176,3.49,83.93,29.16,34,Moderate
Aizawl,23.7271,92.7176,4.76,89.4,36.88,29,Moderate
Aizawl,23.7271,92.7176,4.57,89.52,40.52,32,Moderate
Aizawl,23.7271,92.7176,1.46,84.31,29.59,25,Moderate
Aizawl,23.7271,92.7176,4.79,90.72,38.62,33,Moderate
Aizawl,23.7271,92.7176,7.5,82.36,33.77,39,Moderate
Aizawl,23.7271,92.7176,7.5,93.5,34.87,34,Moderate
Aizawl,23.7271,92.7176,14.3,98.0,35.96,35,Moderate
Aizawl,23.7271,92.7176,36.05,88.3,31.28,30,Moderate
Aizawl,23.7271,92.7176,17.05,98.0,35.48,32,Moderate
Aizawl,23.7271,92.7176,2.33,98.0,36.7,30,Moderate
Aizawl,23.7271,92.7176,3.0,98.0,32.63,27,Moderate
Aizawl,23.7271,92.7176,3.32,88.33,30.26,35,Moderate
Aizawl,23.7271,92.7176,1.32,86.48,37.64,28,Moderate
Aizawl,23.7271,92.7176,7.71,75.27,37.77,45,Moderate
Aizawl,23.7271,92.7176,8.74,98.0,40.53,21,Moderate
Aizawl,23.7271,92.7176,9.54,74.61,35.22,24,Moderate
Aizawl,23.7271,92.7176,5.28,86.82,34.99,24,Moderate
Aizawl,23.7271,92.7176,4.44,86.3,38.14,27,Moderate
Aizawl,23.7271,92.7176,0.6,89.29,37.36,24,Moderate
Aizawl,23.7271,92.7176,4.07,90.95,38.99,24,Moderate
Aizawl,23.7271,92.7176,0.09,84.42,36.66,27,Moderate
Aizawl,23.7271,92.7176,9.77,82.31,34.24,32,Moderate
Aizawl,23.7271,92.7176,1.22,64.52,38.01,33,Moderate
Aizawl,23.7271,92.7176,2.22,74.33,40.35,27,Moderate
Aizawl,23.7271,92.7176,4.27,79.61,31.35,34,Moderate
Aizawl,23.7271,92.7176,0.98,84.63,37.87,29,Moderate
Aizawl,23.7271,92.7176,0.66,90.88,38.43,21,Moderate
Aizawl,23.7271,92.7176,0.03,92.5,32.52,28,Moderate
Aizawl,23.7271,92.7176,0.51,81.36,29.32,26,Moderate
Aizawl,23.7271,92.7176,1.09,73.86,38.33,27,Moderate
Aizawl,23.7271,92.7176,2.79,80.62,39.24,33,Moderate
Aizawl,23.7271,92.7176,1.01,81.65,36.74,37,Moderate
Aizawl,23.7271,92.7176,1.69,73.37,33.24,39,Moderate
Aizawl,23.7271,92.7176,5.33,87.2,40.11,29,Moderate
Aizawl,23.7271,92.7176,0.66,86.15,36.61,30,Moderate
Aizawl,23.7271,92.7176,6.75,75.83,33.09,32,Moderate
Aizawl,23.7271,92.7176,5.56,74.43,35.21,32,Moderate
Aizawl,23.7271,92.7176,0.02,78.47,27.63,33,Moderate
Aizawl,23.7271,92.7176,0.11,83.52,33.2,33,Moderate
Aizawl,23.7271,92.7176,7.34,66.12,35.84,27,Moderate
Aizawl,23.7271,92.7176,13.31,65.77,41.55,43,Moderate
Aizawl,23.7271,92.7176,0.18,72.71,31.56,22,Low
Aizawl,23.7271,92.7176,0.24,80.81,31.24,24,Moderate
Aizawl,23.7271,92.7176,0.2,73.48,34.88,30,Moderate
Aizawl,23.7271,92.7176,0.28,65.13,38.0,30,Moderate
Aizawl,23.7271,92.7176,0.46,73.38,30.14,30,Moderate
Aizawl,23.7271,92.7176,0.19,60.73,40.53,26,Moderate
Aizawl,23.7271,92.7176,0.19,73.25,34.69,33,Moderate
Aizawl,23.7271,92.7176,0.18,72.53,31.94,32,Moderate
Aizawl,23.7271,92.7176,2.23,68.14,32.1,43,Moderate
Aizawl,23.7271,92.7176,1.77,80.39,36.04,28,Moderate
Aizawl,23.7271,92.7176,1.14,77.67,38.26,38,Moderate
Aizawl,23.7271,92.7176,3.42,75.14,35.66,41,Moderate
Aizawl,23.7271,92.7176,0.33,75.95,28.79,43,Moderate
Aizawl,23.7271,92.7176,1.15,88.79,40.49,29,Moderate
Aizawl,23.7271,92.7176,9.32,69.51,32.18,23,Moderate
Aizawl,23.7271,92.7176,0.37,69.01,36.84,29,Moderate
Aizawl,23.7271,92.7176,0.7,78.97,34.91,33,Moderate
Aizawl,23.7271,92.7176,0.15,64.45,37.34,35,Moderate
Aizawl,23.7271,92.7176,1.12,72.64,33.38,21,Moderate
Gangtok,27.3389,88.6065,0.05,72.4,34.71,30,Moderate
Gangtok,27.3389,88.6065,0.95,93.19,38.02,31,Moderate
Gangtok,27.3389,88.6065,0.85,82.51,40.0,39,Moderate
Gangtok,27.3389,88.6065,4.08,93.98,42.49,40,Moderate
Gangtok,27.3389,88.6065,1.9,65.33,33.7,32,Moderate
Gangtok,27.3389,88.6065,3.4,66.65,37.48,35,Moderate
Gangtok,27.3389,88.6065,2.17,98.0,39.04,34,Moderate
Gangtok,27.3389,88.6065,0.68,69.27,38.58,33,Moderate
Gangtok,27.3389,88.6065,0.01,87.79,38.75,34,Moderate
Gangtok,27.3389,88.6065,0.22,87.55,41.6,36,Moderate
Gangtok,27.3389,88.6065,0.56,80.71,40.55,42,Moderate
Gangtok,27.3389,88.6065,1.14,76.7,38.55,36,Moderate
Gangtok,27.3389,88.6065,6.19,52.77,37.42,40,Moderate
Gangtok,27.3389,88.6065,1.03,79.67,37.8,39,Moderate
Gangtok,27.3389,88.6065,1.44,74.48,41.74,26,Moderate
Gangtok,27.3389,88.6065,0.03,84.41,32.92,36,Moderate
Gangtok,27.3389,88.6065,0.26,84.54,39.7,29,Moderate
Gangtok,27.3389,88.6065,0.27,55.66,43.57,39,Moderate
Gangtok,27.3389,88.6065,2.39,91.11,42.51,36,Moderate
Gangtok,27.3389,88.6065,2.21,69.84,40.35,29,Moderate
Gangtok,27.3389,88.6065,0.3,90.01,36.42,36,Moderate
Gangtok,27.3389,88.6065,2.73,69.75,40.17,33,Moderate
Gangtok,27.3389,88.6065,1.29,76.04,44.07,35,Moderate
Gangtok,27.3389,88.6065,2.58,62.51,37.71,29,Moderate
Gangtok,27.3389,88.6065,0.58,74.25,40.36,42,Moderate
Gangtok,27.3389,88.6065,0.01,66.56,40.97,31,Moderate
Gangtok,27.3389,88.6065,2.27,84.88,42.82,29,Moderate
Gangtok,27.3389,88.6065,0.77,71.99,43.32,37,Moderate
Gangtok,27.3389,88.6065,5.99,76.17,36.55,25,Moderate
Gangtok,27.3389,88.6065,0.06,71.41,40.09,34,Moderate
Gangtok,27.3389,88.6065,1.27,59.95,40.99,36,Moderate
Gangtok,27.3389,88.6065,8.22,82.85,41.04,30,Moderate
Gangtok,27.3389,88.6065,0.0,91.94,40.77,42,Moderate
Gangtok,27.3389,88.6065,4.06,98.0,34.93,29,Moderate
Gangtok,27.3389,88.6065,0.08,76.95,42.27,24,Moderate
Gangtok,27.3389,88.6065,9.25,85.68,39.89,35,Moderate
Gangtok,27.3389,88.6065,0.27,72.42,36.13,35,Moderate
Gangtok,27.3389,88.6065,0.47,80.96,37.58,44,Moderate
Gangtok,27.3389,88.6065,19.44,66.26,43.01,30,Moderate
Gangtok,27.3389,88.6065,4.32,78.97,42.14,36,Moderate
Gangtok,27.3389,88.6065,1.81,95.21,38.46,28,Moderate
Gangtok,27.3389,88.6065,0.42,87.57,37.75,32,Moderate
Gangtok,27.3389,88.6065,2.12,91.61,37.48,28,Moderate
Gangtok,27.3389,88.6065,3.23,82.33,40.55,38,Moderate
Gangtok,27.3389,88.6065,1.86,84.38,40.68,40,Moderate
Gangtok,27.3389,88.6065,6.09,79.2,42.94,33,Moderate
Gangtok,27.3389,88.6065,0.4,87.0,30.78,28,Moderate
Gangtok,27.3389,88.6065,6.87,86.09,39.0,35,Moderate
Gangtok,27.3389,88.6065,0.46,98.0,36.59,33,Moderate
Gangtok,27.3389,88.6065,0.31,79.21,42.76,44,Moderate
Gangtok,27.3389,88.6065,1.41,71.72,44.45,30,Moderate
Gangtok,27.3389,88.6065,1.83,85.24,31.96,34,Moderate
Gangtok,27.3389,88.6065,3.8,91.33,35.97,38,Moderate
Gangtok,27.3389,88.6065,2.0,73.1,35.5,41,Moderate
Gangtok,27.3389,88.6065,2.83,98.0,40.33,28,Moderate
Gangtok,27.3389,88.6065,7.21,85.95,38.62,38,Moderate
Gangtok,27.3389,88.6065,1.19,65.71,33.8,37,Moderate
Gangtok,27.3389,88.6065,1.21,90.87,40.76,26,Moderate
Gangtok,27.3389,88.6065,4.5,93.85,33.4,26,Moderate
Gangtok,27.3389,88.6065,2.22,78.51,35.03,40,Moderate
Gangtok,27.3389,88.6065,3.32,75.07,38.93,33,Moderate
Gangtok,27.3389,88.6065,0.82,98.0,37.23,35,Moderate
Gangtok,27.3389,88.6065,0.42,86.39,41.71,31,Moderate
Gangtok,27.3389,88.6065,2.82,98.0,43.15,36,Moderate
Gangtok,27.3389,88.6065,7.87,95.02,39.7,32,Moderate
Gangtok,27.3389,88.6065,3.69,71.19,40.95,43,Moderate
Gangtok,27.3389,88.6065,0.05,78.12,40.27,39,Moderate
Gangtok,27.3389,88.6065,0.18,87.93,44.0,30,Moderate
Gangtok,27.3389,88.6065,13.57,94.49,41.16,31,Moderate
Gangtok,27.3389,88.6065,0.78,89.89,42.9,36,Moderate
Gangtok,27.3389,88.6065,2.09,87.28,47.59,42,Moderate
Gangtok,27.3389,88.6065,17.08,98.0,36.73,38,Moderate
Gangtok,27.3389,88.6065,19.64,94.32,39.85,35,Moderate
Gangtok,27.3389,88.6065,8.24,98.0,35.42,29,Moderate
Gangtok,27.3389,88.6065,55.27,83.07,35.71,33,Moderate
Gangtok,27.3389,88.6065,30.57,75.55,42.9,30,Moderate
Gangtok,27.3389,88.6065,2.09,81.25,41.22,31,Moderate
Gangtok,27.3389,88.6065,5.78,91.34,42.44,47,Moderate
Gangtok,27.3389,88.6065,26.02,79.86,40.21,31,Moderate
Gangtok,27.3389,88.6065,3.9,88.06,39.76,22,Moderate
Gangtok,27.3389,88.6065,9.83,98.0,33.85,20,Moderate
Gangtok,27.3389,88.6065,1.23,71.9,35.72,41,Moderate
Gangtok,27.3389,88.6065,0.53,98.0,39.58,26,Moderate
Gangtok,27.3389,88.6065,0.75,94.01,45.33,25,Moderate
Gangtok,27.3389,88.6065,3.33,77.86,41.35,31,Moderate
Gangtok,27.3389,88.6065,3.27,98.0,28.34,27,Moderate
Gangtok,27.3389,88.6065,39.52,98.0,38.74,32,Moderate
Gangtok,27.3389,88.6065,7.03,98.0,35.96,30,Moderate
Gangtok,27.3389,88.6065,35.46,98.0,39.62,35,Moderate
Gangtok,27.3389,88.6065,24.55,98.0,33.13,33,Moderate
Gangtok,27.3389,88.6065,4.51,98.0,42.14,44,Moderate
Gangtok,27.3389,88.6065,1.85,98.0,39.25,28,Moderate
Gangtok,27.3389,88.6065,9.95,89.32,43.64,32,Moderate
Gangtok,27.3389,88.6065,2.89,95.68,36.77,45,Moderate
Gangtok,27.3389,88.6065,2.51,98.0,41.17,22,Moderate
Gangtok,27.3389,88.6065,14.24,98.0,40.46,31,Moderate
Gangtok,27.3389,88.6065,0.14,82.3,33.62,26,Moderate
Gangtok,27.3389,88.6065,9.46,68.47,35.45,36,Moderate
Gangtok,27.3389,88.6065,57.84,98.0,36.18,35,High
Gangtok,27.3389,88.6065,3.12,90.46,42.57,39,Moderate
Gangtok,27.3389,88.6065,0.43,83.67,37.84,38,Moderate
Gangtok,27.3389,88.6065,194.83,98.0,41.88,43,Severe
Gangtok,27.3389,88.6065,28.63,98.0,41.05,49,Moderate
Gangtok,27.3389,88.6065,2.17,96.85,44.75,40,Moderate
Gangtok,27.3389,88.6065,9.5,92.8,38.42,37,Moderate
Gangtok,27.3389,88.6065,14.82,98.0,38.68,47,Moderate
Gangtok,27.3389,88.6065,0.05,98.0,41.87,36,Moderate
Gangtok,27.3389,88.6065,4.11,98.0,40.58,33,Moderate
Gangtok,27.3389,88.6065,7.82,98.0,42.98,31,Moderate
Gangtok,27.3389,88.6065,27.54,98.0,40.11,34,Moderate
Gangtok,27.3389,88.6065,8.32,97.22,40.24,38,Moderate
Gangtok,27.3389,88.6065,31.9,85.39,37.74,27,Moderate
Gangtok,27.3389,88.6065,87.93,98.0,38.15,31,High
Gangtok,27.3389,88.6065,54.99,98.0,41.74,27,High
Gangtok,27.3389,88.6065,3.29,98.0,40.87,30,Moderate
Gangtok,27.3389,88.6065,15.13,98.0,35.65,38,Moderate
Gangtok,27.3389,88.6065,15.85,98.0,35.64,42,Moderate
Gangtok,27.3389,88.6065,23.02,81.3,37.91,34,Moderate
Gangtok,27.3389,88.6065,22.75,94.74,38.85,43,Moderate
Gangtok,27.3389,88.6065,10.38,98.0,39.34,39,Moderate
Gangtok,27.3389,88.6065,20.8,75.12,41.67,33,Moderate
Gangtok,27.3389,88.6065,5.03,98.0,37.53,33,Moderate
Gangtok,27.3389,88.6065,1.71,98.0,42.51,32,Moderate
Gangtok,27.3389,88.6065,9.84,98.0,38.87,37,Moderate
Gangtok,27.3389,88.6065,3.39,98.0,30.85,39,Moderate
Gangtok,27.3389,88.6065,2.17,98.0,36.75,41,Moderate
Gangtok,27.3389,88.6065,31.28,98.0,32.49,39,Moderate
Gangtok,27.3389,88.6065,3.1,86.07,35.54,39,Moderate
Gangtok,27.3389,88.6065,1.68,90.86,35.11,32,Moderate
Gangtok,27.3389,88.6065,16.48,98.0,38.4,43,Moderate
Gangtok,27.3389,88.6065,7.36,91.56,36.85,30,Moderate
Gangtok,27.3389,88.6065,1.71,97.52,39.4,26,Moderate
Gangtok,27.3389,88.6065,43.88,92.7,34.9,30,Moderate
Gangtok,27.3389,88.6065,16.11,98.0,40.05,28,Moderate
Gangtok,27.3389,88.6065,8.23,98.0,44.67,33,Moderate
Gangtok,27.3389,88.6065,11.77,95.2,36.18,31,Moderate
Gangtok,27.3389,88.6065,2.27,91.81,31.81,43,Moderate
Gangtok,27.3389,88.6065,7.36,98.0,35.73,15,Moderate
Gangtok,27.3389,88.6065,24.5,85.39,43.29,44,Moderate
Gangtok,27.3389,88.6065,31.66,92.89,42.0,33,Moderate
Gangtok,27.3389,88.6065,19.4,98.0,41.49,36,Moderate
Gangtok,27.3389,88.6065,19.79,98.0,33.25,22,Moderate
Gangtok,27.3389,88.6065,0.0,88.7,38.54,37,Moderate
Gangtok,27.3389,88.6065,0.0,98.0,36.2,30,Moderate
Gangtok,27.3389,88.6065,0.0,87.23,36.78,33,Moderate
Gangtok,27.3389,88.6065,42.91,92.18,35.22,31,Moderate
Gangtok,27.3389,88.6065,15.1,68.88,37.54,38,Moderate
Gangtok,27.3389,88.6065,21.05,98.0,39.79,37,Moderate
Gangtok,27.3389,88.6065,0.0,98.0,33.64,27,Moderate
Gangtok,27.3389,88.6065,7.78,96.77,35.98,31,Moderate
Gangtok,27.3389,88.6065,6.14,80.36,33.32,31,Moderate
Gangtok,27.3389,88.6065,0.0,96.26,40.33,20,Moderate
Gangtok,27.3389,88.6065,14.49,96.1,36.38,46,Moderate
Gangtok,27.3389,88.6065,13.94,61.02,38.68,31,Moderate
Gangtok,27.3389,88.6065,0.24,95.47,43.48,36,Moderate
Gangtok,27.3389,88.6065,2.62,69.18,31.66,39,Moderate
Gangtok,27.3389,88.6065,1.83,87.24,42.67,21,Moderate
Gangtok,27.3389,88.6065,0.1,87.58,39.04,35,Moderate
Gangtok,27.3389,88.6065,7.07,77.5,38.34,35,Moderate
Gangtok,27.3389,88.6065,4.82,80.5,43.37,38,Moderate
Gangtok,27.3389,88.6065,39.64,98.0,39.24,36,Moderate
Gangtok,27.3389,88.6065,0.67,77.43,36.86,46,Moderate
Gangtok,27.3389,88.6065,0.18,72.9,46.21,45,Moderate
Gangtok,27.3389,88.6065,3.0,92.36,38.22,27,Moderate
Gangtok,27.3389,88.6065,4.61,78.49,44.72,34,Moderate
Gangtok,27.3389,88.6065,0.0,96.17,37.77,45,Moderate
Gangtok,27.3389,88.6065,2.51,87.37,41.88,26,Moderate
Gangtok,27.3389,88.6065,4.68,80.19,41.39,31,Moderate
Gangtok,27.3389,88.6065,3.95,77.9,44.29,41,Moderate
Gangtok,27.3389,88.6065,0.08,73.64,39.14,43,Moderate
Gangtok,27.3389,88.6065,1.63,87.14,40.71,36,Moderate
Gangtok,27.3389,88.6065,11.04,78.16,42.88,35,Moderate
Gangtok,27.3389,88.6065,10.39,98.0,38.81,40,Moderate
Gangtok,27.3389,88.6065,5.11,76.53,40.83,33,Moderate
Gangtok,27.3389,88.6065,0.21,73.95,36.65,37,Moderate
Gangtok,27.3389,88.6065,1.81,90.27,38.78,30,Moderate
Gangtok,27.3389,88.6065,0.16,65.59,36.77,32,Moderate
Gangtok,27.3389,88.6065,3.65,85.29,41.26,30,Moderate
Gangtok,27.3389,88.6065,3.73,84.07,40.89,45,Moderate
Gangtok,27.3389,88.6065,1.09,83.71,35.0,20,Moderate
Gangtok,27.3389,88.6065,0.31,73.64,34.94,32,Moderate
Gangtok,27.3389,88.6065,5.6,79.06,34.42,40,Moderate
Gangtok,27.3389,88.6065,4.14,88.38,36.6,36,Moderate
Gangtok,27.3389,88.6065,0.1,96.54,40.47,40,Moderate
Gangtok,27.3389,88.6065,2.49,89.63,33.55,33,Moderate
Gangtok,27.3389,88.6065,4.97,72.12,40.28,48,Moderate
Gangtok,27.3389,88.6065,4.25,91.5,39.59,37,Moderate
Gangtok,27.3389,88.6065,2.8,95.21,45.08,41,Moderate
Gangtok,27.3389,88.6065,2.97,68.53,33.89,40,Moderate
Gangtok,27.3389,88.6065,0.3,86.26,35.65,34,Moderate
Gangtok,27.3389,88.6065,0.99,92.03,36.93,29,Moderate
Gangtok,27.3389,88.6065,0.2,98.0,33.76,28,Moderate
Gangtok,27.3389,88.6065,4.95,84.74,35.79,29,Moderate
Gangtok,27.3389,88.6065,0.78,95.57,36.51,37,Moderate
Gangtok,27.3389,88.6065,1.13,77.84,43.83,28,Moderate
Gangtok,27.3389,88.6065,4.81,94.25,32.34,31,Moderate
Gangtok,27.3389,88.6065,0.77,72.54,39.18,36,Moderate
Gangtok,27.3389,88.6065,0.26,86.54,40.46,38,Moderate
Gangtok,27.3389,88.6065,0.06,70.35,41.89,39,Moderate
Gangtok,27.3389,88.6065,4.76,82.16,32.04,37,Moderate
Tawang,27.5859,91.8594,1.09,73.77,44.06,16,Moderate
Tawang,27.5859,91.8594,1.59,59.38,45.34,20,Moderate
Tawang,27.5859,91.8594,1.56,58.09,40.54,21,Low
Tawang,27.5859,91.8594,0.14,62.34,49.28,19,Moderate
Tawang,27.5859,91.8594,0.33,77.25,44.93,17,Moderate
Tawang,27.5859,91.8594,0.02,59.3,41.19,21,Low
Tawang,27.5859,91.8594,0.83,52.76,39.96,21,Low
Tawang,27.5859,91.8594,0.15,46.91,41.38,17,Low
Tawang,27.5859,91.8594,0.53,45.2,36.63,24,Low
Tawang,27.5859,91.8594,1.31,63.8,46.41,20,Moderate
Tawang,27.5859,91.8594,2.02,66.74,37.67,26,Moderate
Tawang,27.5859,91.8594,0.14,43.58,42.41,34,Low
Tawang,27.5859,91.8594,1.24,72.3,40.43,24,Moderate
Tawang,27.5859,91.8594,0.37,56.84,38.06,20,Low
Tawang,27.5859,91.8594,0.29,59.03,44.8,20,Moderate
Tawang,27.5859,91.8594,0.3,69.49,50.31,15,Moderate
Tawang,27.5859,91.8594,0.61,69.62,39.02,16,Moderate
Tawang,27.5859,91.8594,3.29,64.98,42.28,28,Moderate
Tawang,27.5859,91.8594,0.08,53.06,36.69,26,Low
Tawang,27.5859,91.8594,0.43,51.44,48.45,32,Moderate
Tawang,27.5859,91.8594,0.29,72.89,44.48,26,Moderate
Tawang,27.5859,91.8594,0.0,58.74,38.89,21,Low
Tawang,27.5859,91.8594,0.62,69.39,41.26,30,Moderate
Tawang,27.5859,91.8594,0.99,66.5,45.4,25,Moderate
Tawang,27.5859,91.8594,1.21,74.31,45.13,27,Moderate
Tawang,27.5859,91.8594,0.03,52.92,41.41,24,Low
Tawang,27.5859,91.8594,1.03,63.67,40.2,19,Moderate
Tawang,27.5859,91.8594,0.13,37.89,38.48,24,Low
Tawang,27.5859,91.8594,1.53,47.89,42.9,26,Low
Tawang,27.5859,91.8594,0.42,73.19,36.91,14,Moderate
Tawang,27.5859,91.8594,0.14,74.4,45.14,20,Moderate
Tawang,27.5859,91.8594,0.16,68.63,41.74,26,Moderate
Tawang,27.5859,91.8594,0.0,59.77,39.78,25,Moderate
Tawang,27.5859,91.8594,3.55,48.6,39.17,28,Low
Tawang,27.5859,91.8594,1.74,66.71,44.41,23,Moderate
Tawang,27.5859,91.8594,0.85,72.87,43.48,23,Moderate
Tawang,27.5859,91.8594,0.01,56.67,41.69,29,Moderate
Tawang,27.5859,91.8594,0.12,49.56,47.99,16,Low
Tawang,27.5859,91.8594,6.05,68.09,46.99,13,Moderate
Tawang,27.5859,91.8594,1.66,59.56,36.83,26,Low
Tawang,27.5859,91.8594,18.35,73.26,43.66,15,Moderate
Tawang,27.5859,91.8594,3.98,70.83,41.64,24,Moderate
Tawang,27.5859,91.8594,0.54,55.83,43.31,24,Moderate
Tawang,27.5859,91.8594,8.63,50.39,41.54,25,Moderate
Tawang,27.5859,91.8594,0.29,77.51,45.0,26,Moderate
Tawang,27.5859,91.8594,0.09,64.89,44.62,18,Moderate
Tawang,27.5859,91.8594,0.08,19.11,44.66,20,Low
Tawang,27.5859,91.8594,0.79,72.38,42.27,18,Moderate
Tawang,27.5859,91.8594,0.39,68.85,40.86,25,Moderate
Tawang,27.5859,91.8594,6.44,47.07,42.45,21,Low
Tawang,27.5859,91.8594,2.97,43.5,41.14,24,Low
Tawang,27.5859,91.8594,13.79,63.45,43.3,23,Moderate
Tawang,27.5859,91.8594,3.08,59.62,44.13,27,Moderate
Tawang,27.5859,91.8594,6.43,62.81,40.52,25,Moderate
Tawang,27.5859,91.8594,7.59,60.78,48.93,21,Moderate
Tawang,27.5859,91.8594,9.68,81.42,47.1,16,Moderate
Tawang,27.5859,91.8594,0.77,63.4,47.33,19,Moderate
Tawang,27.5859,91.8594,4.31,59.97,35.84,22,Low
Tawang,27.5859,91.8594,0.55,56.14,43.09,23,Moderate
Tawang,27.5859,91.8594,12.3,74.76,31.34,28,Moderate
Tawang,27.5859,91.8594,8.58,67.61,45.09,18,Moderate
Tawang,27.5859,91.8594,0.03,48.99,40.4,20,Low
Tawang,27.5859,91.8594,5.48,79.8,42.45,19,Moderate
Tawang,27.5859,91.8594,0.37,48.27,46.27,17,Low
Tawang,27.5859,91.8594,0.66,47.9,37.05,10,Low
Tawang,27.5859,91.8594,0.39,77.26,46.32,23,Moderate
Tawang,27.5859,91.8594,9.77,69.31,30.37,27,Moderate
Tawang,27.5859,91.8594,0.09,62.62,42.76,27,Moderate
Tawang,27.5859,91.8594,14.21,80.15,44.35,15,Moderate
Tawang,27.5859,91.8594,1.08,81.22,40.2,19,Moderate
Tawang,27.5859,91.8594,0.01,73.47,39.11,17,Moderate
Tawang,27.5859,91.8594,10.22,63.69,46.24,18,Moderate
Tawang,27.5859,91.8594,0.94,70.17,39.59,20,Moderate
Tawang,27.5859,91.8594,11.17,79.29,41.21,27,Moderate
Tawang,27.5859,91.8594,5.5,72.78,44.3,21,Moderate
Tawang,27.5859,91.8594,0.07,65.42,43.83,14,Moderate
Tawang,27.5859,91.8594,0.46,73.19,45.68,18,Moderate
Tawang,27.5859,91.8594,1.17,70.2,43.01,18,Moderate
Tawang,27.5859,91.8594,1.55,65.32,42.26,22,Moderate
Tawang,27.5859,91.8594,1.49,82.57,44.29,22,Moderate
Tawang,27.5859,91.8594,5.95,65.36,45.03,20,Moderate
Tawang,27.5859,91.8594,10.15,80.17,38.67,15,Moderate
Tawang,27.5859,91.8594,0.46,51.62,41.29,25,Low
Tawang,27.5859,91.8594,4.7,79.22,40.54,27,Moderate
Tawang,27.5859,91.8594,23.19,64.49,42.12,28,Moderate
Tawang,27.5859,91.8594,23.62,95.0,45.44,17,Moderate
Tawang,27.5859,91.8594,4.34,72.74,46.45,19,Moderate
Tawang,27.5859,91.8594,3.85,75.77,41.15,20,Moderate
Tawang,27.5859,91.8594,0.38,75.78,39.27,23,Moderate
Tawang,27.5859,91.8594,0.09,80.53,43.4,29,Moderate
Tawang,27.5859,91.8594,3.48,98.0,38.08,18,Moderate
Tawang,27.5859,91.8594,0.66,81.16,42.9,17,Moderate
Tawang,27.5859,91.8594,5.63,59.41,38.24,28,Moderate
Tawang,27.5859,91.8594,0.07,56.85,37.11,27,Low
Tawang,27.5859,91.8594,1.58,83.68,39.19,15,Moderate
Tawang,27.5859,91.8594,7.71,57.17,43.79,24,Moderate
Tawang,27.5859,91.8594,6.29,60.77,46.65,21,Moderate
Tawang,27.5859,91.8594,3.02,67.27,42.0,21,Moderate
Tawang,27.5859,91.8594,3.27,88.3,42.31,12,Moderate
Tawang,27.5859,91.8594,10.45,67.75,47.54,18,Moderate
Tawang,27.5859,91.8594,5.88,80.93,41.74,25,Moderate
Tawang,27.5859,91.8594,2.54,84.47,43.15,17,Moderate
Tawang,27.5859,91.8594,0.5,67.37,43.09,26,Moderate
Tawang,27.5859,91.8594,41.34,86.65,38.79,20,Moderate
Tawang,27.5859,91.8594,0.0,71.41,45.89,20,Moderate
Tawang,27.5859,91.8594,34.62,64.12,41.79,21,Moderate
Tawang,27.5859,91.8594,5.05,59.18,43.51,20,Moderate
Tawang,27.5859,91.8594,7.45,86.64,39.47,25,Moderate
Tawang,27.5859,91.8594,2.34,67.75,45.02,16,Moderate
Tawang,27.5859,91.8594,4.8,77.19,38.11,22,Moderate
Tawang,27.5859,91.8594,1.38,70.68,41.48,19,Moderate
Tawang,27.5859,91.8594,4.17,97.63,43.54,22,Moderate
Tawang,27.5859,91.8594,1.48,70.36,37.64,23,Moderate
Tawang,27.5859,91.8594,6.95,98.0,39.17,21,Moderate
Tawang,27.5859,91.8594,38.43,84.82,38.45,20,Moderate
Tawang,27.5859,91.8594,4.9,98.0,39.9,24,Moderate
Tawang,27.5859,91.8594,0.12,85.84,45.86,24,Moderate
Tawang,27.5859,91.8594,25.28,75.6,48.4,24,Moderate
Tawang,27.5859,91.8594,6.25,78.46,41.55,21,Moderate
Tawang,27.5859,91.8594,0.32,75.18,40.77,21,Moderate
Tawang,27.5859,91.8594,9.06,77.15,37.22,18,Moderate
Tawang,27.5859,91.8594,16.58,77.9,41.8,20,Moderate
Tawang,27.5859,91.8594,24.63,79.81,38.59,20,Moderate
Tawang,27.5859,91.8594,14.67,83.56,49.17,16,Moderate
Tawang,27.5859,91.8594,20.97,73.24,35.09,17,Moderate
Tawang,27.5859,91.8594,6.9,72.0,38.17,20,Moderate
Tawang,27.5859,91.8594,1.0,89.89,43.3,25,Moderate
Tawang,27.5859,91.8594,7.17,85.48,44.64,18,Moderate
Tawang,27.5859,91.8594,28.25,61.54,41.2,28,Moderate
Tawang,27.5859,91.8594,4.33,83.41,39.61,22,Moderate
Tawang,27.5859,91.8594,16.33,88.47,35.51,16,Moderate
Tawang,27.5859,91.8594,29.49,80.67,48.3,19,Moderate
Tawang,27.5859,91.8594,53.6,77.8,40.7,26,Moderate
Tawang,27.5859,91.8594,2.36,70.15,39.68,22,Moderate
Tawang,27.5859,91.8594,6.86,63.7,47.24,21,Moderate
Tawang,27.5859,91.8594,7.79,78.79,40.11,19,Moderate
Tawang,27.5859,91.8594,0.0,81.56,39.87,28,Moderate
Tawang,27.5859,91.8594,4.68,69.54,42.19,38,Moderate
Tawang,27.5859,91.8594,0.0,71.52,48.63,16,Moderate
Tawang,27.5859,91.8594,11.42,72.18,40.6,17,Moderate
Tawang,27.5859,91.8594,5.06,69.84,44.81,32,Moderate
Tawang,27.5859,91.8594,0.0,72.64,38.4,20,Moderate
Tawang,27.5859,91.8594,5.37,73.03,38.29,20,Moderate
Tawang,27.5859,91.8594,0.0,52.23,44.18,23,Low
Tawang,27.5859,91.8594,0.0,82.26,34.76,27,Moderate
Tawang,27.5859,91.8594,0.0,62.96,42.56,19,Moderate
Tawang,27.5859,91.8594,0.0,61.06,35.75,25,Low
Tawang,27.5859,91.8594,3.64,65.34,41.47,23,Moderate
Tawang,27.5859,91.8594,0.0,54.9,41.09,23,Low
Tawang,27.5859,91.8594,0.0,90.12,49.12,26,Moderate
Tawang,27.5859,91.8594,12.35,69.99,42.66,24,Moderate
Tawang,27.5859,91.8594,4.83,86.91,42.88,21,Moderate
Tawang,27.5859,91.8594,1.35,69.53,37.53,23,Moderate
Tawang,27.5859,91.8594,6.42,71.96,39.48,23,Moderate
Tawang,27.5859,91.8594,6.8,72.15,42.33,16,Moderate
Tawang,27.5859,91.8594,5.41,81.29,41.64,11,Moderate
Tawang,27.5859,91.8594,2.35,62.27,48.29,25,Moderate
Tawang,27.5859,91.8594,1.83,86.94,40.72,22,Moderate
Tawang,27.5859,91.8594,11.59,72.58,43.43,18,Moderate
Tawang,27.5859,91.8594,0.04,54.02,44.09,28,Moderate
Tawang,27.5859,91.8594,8.71,69.95,42.05,28,Moderate
Tawang,27.5859,91.8594,10.5,63.2,46.39,21,Moderate
Tawang,27.5859,91.8594,2.97,51.92,41.67,25,Low
Tawang,27.5859,91.8594,3.86,59.25,48.45,23,Moderate
Tawang,27.5859,91.8594,0.43,64.78,42.17,22,Moderate
Tawang,27.5859,91.8594,4.64,54.4,46.65,19,Moderate
Tawang,27.5859,91.8594,0.22,67.79,45.45,18,Moderate
Tawang,27.5859,91.8594,0.01,64.82,42.42,16,Moderate
Tawang,27.5859,91.8594,5.58,65.68,41.17,19,Moderate
Tawang,27.5859,91.8594,7.84,71.56,46.81,25,Moderate
Tawang,27.5859,91.8594,0.05,50.16,44.65,18,Low
Tawang,27.5859,91.8594,2.91,65.01,42.87,27,Moderate
Tawang,27.5859,91.8594,0.7,41.47,40.39,19,Low
Tawang,27.5859,91.8594,1.48,62.24,39.61,21,Moderate
Tawang,27.5859,91.8594,6.65,42.79,42.16,25,Low
Tawang,27.5859,91.8594,1.23,77.01,52.1,19,Moderate
Tawang,27.5859,91.8594,1.05,63.6,40.03,29,Moderate
Tawang,27.5859,91.8594,1.14,61.14,35.55,27,Low
Tawang,27.5859,91.8594,0.74,64.71,46.03,22,Moderate
Tawang,27.5859,91.8594,0.05,73.51,45.52,19,Moderate
Tawang,27.5859,91.8594,0.15,59.46,46.33,16,Moderate
Tawang,27.5859,91.8594,1.52,69.02,44.68,28,Moderate
Tawang,27.5859,91.8594,2.21,79.4,32.38,27,Moderate
Tawang,27.5859,91.8594,1.11,61.26,40.0,16,Low
Tawang,27.5859,91.8594,0.32,43.57,43.92,23,Low
Tawang,27.5859,91.8594,2.73,50.86,41.0,23,Low
Tawang,27.5859,91.8594,0.43,49.49,40.7,15,Low
Tawang,27.5859,91.8594,0.95,56.51,42.87,19,Low
Tawang,27.5859,91.8594,5.0,63.83,40.04,29,Moderate
Tawang,27.5859,91.8594,1.21,55.73,41.48,24,Low
Tawang,27.5859,91.8594,0.78,57.92,44.55,23,Moderate
Tawang,27.5859,91.8594,0.54,54.69,33.55,25,Low
Tawang,27.5859,91.8594,0.54,66.8,42.59,22,Moderate
Tawang,27.5859,91.8594,1.98,50.08,47.27,25,Moderate
Tawang,27.5859,91.8594,1.41,58.47,40.43,23,Moderate
Tawang,27.5859,91.8594,0.59,47.61,42.57,21,Low
Tawang,27.5859,91.8594,0.15,50.54,40.22,22,Low
Tawang,27.5859,91.8594,1.43,44.36,45.17,22,Low
Tawang,27.5859,91.8594,1.14,58.82,46.05,24,Moderate
Tawang,27.5859,91.8594,0.84,60.0,39.78,21,Low
Itanagar,27.0844,93.6053,0.15,62.4,25.41,24,Low
Itanagar,27.0844,93.6053,0.37,57.1,28.12,17,Low
Itanagar,27.0844,93.6053,1.69,69.33,23.29,21,Low
Itanagar,27.0844,93.6053,0.19,46.31,31.47,16,Low
Itanagar,27.0844,93.6053,0.12,61.04,30.14,11,Low
Itanagar,27.0844,93.6053,2.55,52.65,27.59,19,Low
Itanagar,27.0844,93.6053,1.72,50.28,34.25,14,Low
Itanagar,27.0844,93.6053,0.13,60.09,31.4,12,Low
Itanagar,27.0844,93.6053,0.85,65.37,25.86,17,Low
Itanagar,27.0844,93.6053,2.94,63.06,33.91,16,Low
Itanagar,27.0844,93.6053,0.95,68.12,20.49,26,Low
Itanagar,27.0844,93.6053,0.63,46.26,31.81,18,Low
Itanagar,27.0844,93.6053,0.71,69.48,30.97,21,Low
Itanagar,27.0844,93.6053,0.52,49.84,33.76,20,Low
Itanagar,27.0844,93.6053,0.94,62.27,30.44,20,Low
Itanagar,27.0844,93.6053,0.87,63.37,27.31,17,Low
Itanagar,27.0844,93.6053,0.4,69.52,28.38,25,Low
Itanagar,27.0844,93.6053,1.86,60.41,27.55,19,Low
Itanagar,27.0844,93.6053,0.29,50.31,30.41,19,Low
Itanagar,27.0844,93.6053,2.3,75.11,25.9,24,Low
Itanagar,27.0844,93.6053,1.31,79.65,27.32,19,Low
Itanagar,27.0844,93.6053,4.61,58.06,31.21,17,Low
Itanagar,27.0844,93.6053,1.02,59.28,35.32,19,Low
Itanagar,27.0844,93.6053,6.48,63.06,30.74,14,Low
Itanagar,27.0844,93.6053,1.74,72.07,27.23,22,Low
Itanagar,27.0844,93.6053,1.3,66.76,28.75,9,Low
Itanagar,27.0844,93.6053,0.27,63.0,25.08,17,Low
Itanagar,27.0844,93.6053,2.01,60.3,23.78,18,Low
Itanagar,27.0844,93.6053,0.67,68.29,28.65,18,Low
Itanagar,27.0844,93.6053,1.83,71.72,28.39,18,Low
Itanagar,27.0844,93.6053,0.87,64.11,24.08,24,Low
Itanagar,27.0844,93.6053,0.23,86.68,30.27,20,Moderate
Itanagar,27.0844,93.6053,1.98,61.4,30.28,14,Low
Itanagar,27.0844,93.6053,0.23,75.16,28.23,16,Low
Itanagar,27.0844,93.6053,0.69,74.94,25.53,17,Low
Itanagar,27.0844,93.6053,1.05,65.03,31.38,17,Low
Itanagar,27.0844,93.6053,0.01,57.04,28.47,22,Low
Itanagar,27.0844,93.6053,13.16,76.76,28.28,14,Moderate
Itanagar,27.0844,93.6053,1.88,57.01,23.49,14,Low
Itanagar,27.0844,93.6053,4.51,73.65,26.52,16,Low
Itanagar,27.0844,93.6053,2.22,64.97,27.14,15,Low
Itanagar,27.0844,93.6053,0.85,65.34,32.26,15,Low
Itanagar,27.0844,93.6053,0.06,59.77,29.32,19,Low
Itanagar,27.0844,93.6053,0.24,81.75,27.07,18,Low
Itanagar,27.0844,93.6053,8.94,59.03,21.52,20,Low
Itanagar,27.0844,93.6053,0.0,86.9,31.26,17,Moderate
Itanagar,27.0844,93.6053,0.74,65.29,28.46,17,Low
Itanagar,27.0844,93.6053,3.28,43.79,34.63,13,Low
Itanagar,27.0844,93.6053,3.77,81.78,24.25,21,Low
Itanagar,27.0844,93.6053,4.64,55.66,27.59,19,Low
Itanagar,27.0844,93.6053,4.28,83.44,26.64,13,Low
Itanagar,27.0844,93.6053,2.31,59.52,31.19,17,Low
Itanagar,27.0844,93.6053,0.63,67.87,28.72,19,Low
Itanagar,27.0844,93.6053,4.94,71.41,30.25,16,Low
Itanagar,27.0844,93.6053,2.19,54.6,23.07,17,Low
Itanagar,27.0844,93.6053,1.36,66.64,27.22,15,Low
Itanagar,27.0844,93.6053,2.73,62.58,28.93,24,Low
Itanagar,27.0844,93.6053,5.83,55.64,28.75,17,Low
Itanagar,27.0844,93.6053,0.06,87.45,28.87,22,Moderate
Itanagar,27.0844,93.6053,4.12,62.45,32.44,21,Low
Itanagar,27.0844,93.6053,0.62,90.83,27.11,12,Moderate
Itanagar,27.0844,93.6053,0.76,52.59,37.74,22,Low
Itanagar,27.0844,93.6053,4.52,63.76,30.79,15,Low
Itanagar,27.0844,93.6053,9.96,49.01,28.3,14,Low
Itanagar,27.0844,93.6053,4.12,71.14,32.73,19,Moderate
Itanagar,27.0844,93.6053,0.07,74.01,32.9,23,Moderate
Itanagar,27.0844,93.6053,0.02,64.3,31.53,16,Low
Itanagar,27.0844,93.6053,0.85,70.2,28.0,20,Low
Itanagar,27.0844,93.6053,8.51,83.13,27.95,25,Moderate
Itanagar,27.0844,93.6053,0.34,82.71,32.68,15,Moderate
Itanagar,27.0844,93.6053,0.47,61.36,27.34,11,Low
Itanagar,27.0844,93.6053,5.84,76.32,28.4,18,Low
Itanagar,27.0844,93.6053,10.38,74.29,27.93,15,Low
Itanagar,27.0844,93.6053,5.31,67.23,40.13,16,Moderate
Itanagar,27.0844,93.6053,0.06,68.41,34.23,17,Low
Itanagar,27.0844,93.6053,2.54,74.16,34.91,20,Moderate
Itanagar,27.0844,93.6053,18.72,60.3,28.28,25,Low
Itanagar,27.0844,93.6053,1.35,79.44,29.19,16,Low
Itanagar,27.0844,93.6053,0.06,88.25,33.45,18,Moderate
Itanagar,27.0844,93.6053,7.5,70.91,29.78,18,Low
Itanagar,27.0844,93.6053,18.18,66.62,31.09,13,Low
Itanagar,27.0844,93.6053,20.3,82.97,25.21,18,Moderate
Itanagar,27.0844,93.6053,4.09,62.69,31.52,17,Low
Itanagar,27.0844,93.6053,1.9,67.57,25.75,12,Low
Itanagar,27.0844,93.6053,4.1,69.81,24.65,15,Low
Itanagar,27.0844,93.6053,1.55,64.8,27.3,17,Low
Itanagar,27.0844,93.6053,6.91,86.21,27.96,18,Moderate
Itanagar,27.0844,93.6053,53.21,71.07,31.81,11,Moderate
Itanagar,27.0844,93.6053,10.89,97.11,28.74,17,Moderate
Itanagar,27.0844,93.6053,0.52,84.64,20.4,21,Low
Itanagar,27.0844,93.6053,8.72,70.75,26.94,21,Low
Itanagar,27.0844,93.6053,0.01,97.18,26.08,21,Moderate
Itanagar,27.0844,93.6053,0.15,75.04,30.76,14,Low
Itanagar,27.0844,93.6053,4.34,65.83,30.21,12,Low
Itanagar,27.0844,93.6053,5.59,70.96,27.03,28,Low
Itanagar,27.0844,93.6053,1.51,76.48,33.99,16,Moderate
Itanagar,27.0844,93.6053,3.82,71.87,29.55,17,Low
Itanagar,27.0844,93.6053,6.06,74.28,29.17,15,Low
Itanagar,27.0844,93.6053,32.42,96.73,28.67,20,Moderate
Itanagar,27.0844,93.6053,6.03,78.74,25.32,18,Low
Itanagar,27.0844,93.6053,56.53,88.75,33.22,19,Moderate
Itanagar,27.0844,93.6053,0.21,91.91,28.83,16,Moderate
Itanagar,27.0844,93.6053,0.27,76.57,26.9,14,Low
Itanagar,27.0844,93.6053,23.14,87.32,30.55,12,Moderate
Itanagar,27.0844,93.6053,3.93,85.75,21.17,12,Low
Itanagar,27.0844,93.6053,60.6,83.19,23.9,19,Moderate
Itanagar,27.0844,93.6053,8.81,98.0,28.46,24,Moderate
Itanagar,27.0844,93.6053,15.6,92.86,23.77,25,Moderate
Itanagar,27.0844,93.6053,0.82,84.23,28.36,10,Low
Itanagar,27.0844,93.6053,0.01,85.72,25.99,15,Low
Itanagar,27.0844,93.6053,1.28,79.16,28.66,19,Moderate
Itanagar,27.0844,93.6053,4.64,67.89,26.56,19,Low
Itanagar,27.0844,93.6053,3.33,82.09,31.83,18,Moderate
Itanagar,27.0844,93.6053,41.76,88.94,28.08,16,Moderate
Itanagar,27.0844,93.6053,21.97,91.73,27.44,17,Moderate
Itanagar,27.0844,93.6053,3.23,98.0,31.23,16,Moderate
Itanagar,27.0844,93.6053,0.68,79.35,32.71,18,Moderate
Itanagar,27.0844,93.6053,39.19,98.0,28.63,19,Moderate
Itanagar,27.0844,93.6053,0.1,98.0,26.59,20,Moderate
Itanagar,27.0844,93.6053,0.29,96.02,25.8,22,Moderate
Itanagar,27.0844,93.6053,8.24,93.93,29.12,13,Moderate
Itanagar,27.0844,93.6053,5.46,91.88,25.02,13,Moderate
Itanagar,27.0844,93.6053,21.13,84.28,29.01,26,Moderate
Itanagar,27.0844,93.6053,6.53,83.87,23.94,17,Moderate
Itanagar,27.0844,93.6053,0.06,67.62,31.88,16,Low
Itanagar,27.0844,93.6053,0.1,87.83,26.06,15,Moderate
Itanagar,27.0844,93.6053,3.46,95.23,24.35,13,Moderate
Itanagar,27.0844,93.6053,9.03,93.44,28.0,13,Moderate
Itanagar,27.0844,93.6053,5.73,80.28,33.81,15,Moderate
Itanagar,27.0844,93.6053,8.61,82.36,26.31,14,Moderate
Itanagar,27.0844,93.6053,0.24,98.0,29.74,12,Moderate
Itanagar,27.0844,93.6053,10.8,81.5,26.55,16,Moderate
Itanagar,27.0844,93.6053,26.63,93.1,30.25,11,Moderate
Itanagar,27.0844,93.6053,7.62,93.06,29.17,22,Moderate
Itanagar,27.0844,93.6053,8.66,89.67,26.47,23,Moderate
Itanagar,27.0844,93.6053,41.04,79.01,29.53,12,Moderate
Itanagar,27.0844,93.6053,5.21,75.59,28.24,20,Moderate
Itanagar,27.0844,93.6053,5.08,84.67,25.2,14,Low
Itanagar,27.0844,93.6053,5.28,73.31,28.44,14,Low
Itanagar,27.0844,93.6053,52.36,80.06,23.41,21,Moderate
Itanagar,27.0844,93.6053,4.65,65.86,35.07,24,Moderate
Itanagar,27.0844,93.6053,6.09,62.07,26.22,14,Low
Itanagar,27.0844,93.6053,19.7,74.85,28.02,19,Moderate
Itanagar,27.0844,93.6053,6.14,87.8,22.14,20,Moderate
Itanagar,27.0844,93.6053,7.2,84.14,27.16,13,Moderate
Itanagar,27.0844,93.6053,4.89,82.07,32.89,19,Moderate
Itanagar,27.0844,93.6053,5.78,62.22,28.53,15,Low
Itanagar,27.0844,93.6053,9.88,77.85,29.41,14,Moderate
Itanagar,27.0844,93.6053,9.55,88.26,28.14,22,Moderate
Itanagar,27.0844,93.6053,5.59,87.88,26.48,12,Moderate
Itanagar,27.0844,93.6053,14.64,71.25,27.19,20,Moderate
Itanagar,27.0844,93.6053,2.01,70.05,23.28,20,Low
Itanagar,27.0844,93.6053,26.6,72.74,26.95,16,Moderate
Itanagar,27.0844,93.6053,0.09,64.18,32.73,21,Low
Itanagar,27.0844,93.6053,2.98,46.05,27.54,16,Low
Itanagar,27.0844,93.6053,3.57,64.63,25.43,16,Low
Itanagar,27.0844,93.6053,19.94,63.04,24.55,19,Low
Itanagar,27.0844,93.6053,2.69,57.2,29.2,17,Low
Itanagar,27.0844,93.6053,14.2,68.09,33.81,26,Moderate
Itanagar,27.0844,93.6053,4.61,60.74,25.21,23,Low
Itanagar,27.0844,93.6053,0.53,70.01,30.57,15,Low
Itanagar,27.0844,93.6053,0.12,45.58,27.81,14,Low
Itanagar,27.0844,93.6053,0.67,63.38,29.25,19,Low
Itanagar,27.0844,93.6053,17.89,75.52,29.38,20,Moderate
Itanagar,27.0844,93.6053,10.03,84.44,28.47,12,Moderate
Itanagar,27.0844,93.6053,0.35,82.56,26.71,13,Low
Itanagar,27.0844,93.6053,2.7,95.78,24.82,20,Moderate
Itanagar,27.0844,93.6053,7.69,59.11,36.13,25,Moderate
Itanagar,27.0844,93.6053,1.05,62.28,23.18,22,Low
Itanagar,27.0844,93.6053,12.02,61.06,25.46,9,Low
Itanagar,27.0844,93.6053,0.2,53.19,31.61,19,Low
Itanagar,27.0844,93.6053,4.56,57.08,31.1,23,Low
Itanagar,27.0844,93.6053,15.1,71.5,33.47,16,Moderate
Itanagar,27.0844,93.6053,0.35,78.36,27.09,14,Low
Itanagar,27.0844,93.6053,1.0,78.75,24.44,19,Low
Itanagar,27.0844,93.6053,2.01,66.94,20.25,17,Low
Itanagar,27.0844,93.6053,0.09,72.6,29.98,23,Low
Itanagar,27.0844,93.6053,3.56,59.41,29.2,19,Low
Itanagar,27.0844,93.6053,0.69,66.35,28.02,14,Low
Itanagar,27.0844,93.6053,4.2,64.88,28.52,17,Low
Itanagar,27.0844,93.6053,1.78,74.42,26.57,18,Low
Itanagar,27.0844,93.6053,0.48,52.07,26.44,19,Low
Itanagar,27.0844,93.6053,2.11,62.04,27.25,13,Low
Itanagar,27.0844,93.6053,0.13,74.79,27.84,23,Low
Itanagar,27.0844,93.6053,1.12,72.59,30.61,13,Low
Itanagar,27.0844,93.6053,2.36,62.56,28.03,23,Low
Itanagar,27.0844,93.6053,1.47,66.36,30.64,21,Low
Itanagar,27.0844,93.6053,7.18,48.43,27.37,21,Low
Itanagar,27.0844,93.6053,1.35,82.54,26.72,16,Low
Itanagar,27.0844,93.6053,2.12,57.85,26.71,23,Low
Itanagar,27.0844,93.6053,0.73,67.19,28.1,16,Low
Itanagar,27.0844,93.6053,0.34,77.96,23.6,19,Low
Itanagar,27.0844,93.6053,0.24,48.51,28.11,18,Low
Itanagar,27.0844,93.6053,4.99,49.76,35.78,14,Low
Itanagar,27.0844,93.6053,0.53,71.43,25.73,14,Low
Itanagar,27.0844,93.6053,1.92,71.77,34.13,17,Moderate
Itanagar,27.0844,93.6053,2.05,70.07,24.86,24,Low
Itanagar,27.0844,93.6053,1.31,66.64,28.35,21,Low
Itanagar,27.0844,93.6053,0.01,58.74,37.9,20,Low
Itanagar,27.0844,93.6053,1.89,51.98,30.09,25,Low
Kohima,25.6751,94.1086,0.48,67.32,37.96,18,Moderate
Kohima,25.6751,94.1086,1.82,70.66,30.92,20,Low
Kohima,25.6751,94.1086,0.15,52.71,34.22,35,Low
Kohima,25.6751,94.1086,0.8,85.27,31.0,29,Moderate
Kohima,25.6751,94.1086,1.03,64.74,30.44,27,Low
Kohima,25.6751,94.1086,0.36,71.82,34.16,26,Moderate
Kohima,25.6751,94.1086,0.17,53.4,33.24,24,Low
Kohima,25.6751,94.1086,0.26,64.93,34.15,25,Low
Kohima,25.6751,94.1086,0.17,73.32,23.56,21,Low
Kohima,25.6751,94.1086,0.07,73.42,36.79,21,Moderate
Kohima,25.6751,94.1086,0.45,70.83,31.49,28,Moderate
Kohima,25.6751,94.1086,0.18,65.59,30.36,21,Low
Kohima,25.6751,94.1086,1.62,63.34,35.19,18,Low
Kohima,25.6751,94.1086,0.04,55.85,34.39,19,Low
Kohima,25.6751,94.1086,0.95,94.48,31.13,20,Moderate
Kohima,25.6751,94.1086,1.03,67.71,33.47,16,Low
Kohima,25.6751,94.1086,0.59,65.65,37.95,19,Moderate
Kohima,25.6751,94.1086,5.4,71.51,29.16,22,Low
Kohima,25.6751,94.1086,0.36,68.92,29.47,22,Low
Kohima,25.6751,94.1086,0.07,80.77,25.21,20,Low
Kohima,25.6751,94.1086,0.3,65.83,35.6,29,Moderate
Kohima,25.6751,94.1086,4.9,55.28,38.08,24,Low
Kohima,25.6751,94.1086,0.62,68.41,29.17,24,Low
Kohima,25.6751,94.1086,1.36,77.27,35.29,26,Moderate
Kohima,25.6751,94.1086,0.87,80.31,29.2,23,Moderate
Kohima,25.6751,94.1086,0.09,76.85,35.07,18,Moderate
Kohima,25.6751,94.1086,2.15,53.08,33.82,18,Low
Kohima,25.6751,94.1086,0.64,77.57,41.35,16,Moderate
Kohima,25.6751,94.1086,0.5,63.32,32.56,25,Low
Kohima,25.6751,94.1086,1.59,68.91,33.02,23,Low
Kohima,25.6751,94.1086,0.06,75.97,33.26,22,Moderate
Kohima,25.6751,94.1086,1.28,87.58,35.67,13,Moderate
Kohima,25.6751,94.1086,0.81,57.58,30.08,23,Low
Kohima,25.6751,94.1086,0.95,62.32,38.18,18,Low
Kohima,25.6751,94.1086,6.9,86.55,33.7,25,Moderate
Kohima,25.6751,94.1086,0.09,77.94,29.85,20,Moderate
Kohima,25.6751,94.1086,0.55,67.67,30.54,21,Low
Kohima,25.6751,94.1086,4.42,60.3,31.35,30,Low
Kohima,25.6751,94.1086,3.93,70.9,32.21,32,Moderate
Kohima,25.6751,94.1086,3.95,63.87,35.1,29,Moderate
Kohima,25.6751,94.1086,1.1,62.49,38.28,18,Low
Kohima,25.6751,94.1086,11.73,75.41,35.71,31,Moderate
Kohima,25.6751,94.1086,2.6,76.39,33.54,21,Moderate
Kohima,25.6751,94.1086,1.56,62.06,32.5,22,Low
Kohima,25.6751,94.1086,0.56,80.0,37.66,20,Moderate
Kohima,25.6751,94.1086,0.01,77.93,35.11,33,Moderate
Kohima,25.6751,94.1086,4.6,81.48,31.42,22,Moderate
Kohima,25.6751,94.1086,2.12,75.64,35.82,24,Moderate
Kohima,25.6751,94.1086,0.01,69.46,37.59,26,Moderate
Kohima,25.6751,94.1086,1.86,79.05,28.75,20,Moderate
Kohima,25.6751,94.1086,1.43,75.08,36.94,32,Moderate
Kohima,25.6751,94.1086,2.89,53.14,40.75,17,Low
Kohima,25.6751,94.1086,8.5,82.92,32.93,32,Moderate
Kohima,25.6751,94.1086,0.81,76.52,28.26,23,Low
Kohima,25.6751,94.1086,2.9,86.94,28.09,25,Moderate
Kohima,25.6751,94.1086,5.31,74.15,36.63,27,Moderate
Kohima,25.6751,94.1086,11.18,55.64,39.99,19,Moderate
Kohima,25.6751,94.1086,1.4,86.22,31.9,28,Moderate
Kohima,25.6751,94.1086,18.08,80.42,30.28,23,Moderate
Kohima,25.6751,94.1086,0.82,75.8,36.92,21,Moderate
Kohima,25.6751,94.1086,0.0,57.89,33.36,22,Low
Kohima,25.6751,94.1086,4.01,79.33,39.18,22,Moderate
Kohima,25.6751,94.1086,6.86,75.23,29.64,22,Moderate
Kohima,25.6751,94.1086,0.07,66.05,36.4,22,Moderate
Kohima,25.6751,94.1086,6.11,83.8,34.33,26,Moderate
Kohima,25.6751,94.1086,0.11,76.61,36.46,26,Moderate
Kohima,25.6751,94.1086,5.67,74.45,36.98,26,Moderate
Kohima,25.6751,94.1086,0.06,73.75,34.51,29,Moderate
Kohima,25.6751,94.1086,4.85,91.87,33.98,21,Moderate
Kohima,25.6751,94.1086,0.01,88.36,36.32,20,Moderate
Kohima,25.6751,94.1086,1.78,93.22,38.82,25,Moderate
Kohima,25.6751,94.1086,22.94,87.14,29.05,18,Moderate
Kohima,25.6751,94.1086,2.79,84.9,32.73,31,Moderate
Kohima,25.6751,94.1086,5.22,81.32,29.0,30,Moderate
Kohima,25.6751,94.1086,1.57,80.01,35.66,27,Moderate
Kohima,25.6751,94.1086,8.42,81.91,27.98,19,Moderate
Kohima,25.6751,94.1086,8.6,81.8,37.69,23,Moderate
Kohima,25.6751,94.1086,0.01,73.16,27.34,17,Low
Kohima,25.6751,94.1086,1.09,89.7,40.73,23,Moderate
Kohima,25.6751,94.1086,0.34,72.32,28.63,26,Low
Kohima,25.6751,94.1086,8.82,79.48,32.59,18,Moderate
Kohima,25.6751,94.1086,3.26,89.12,27.04,26,Moderate
Kohima,25.6751,94.1086,2.97,79.78,32.15,19,Moderate
Kohima,25.6751,94.1086,1.77,77.91,35.65,23,Moderate
Kohima,25.6751,94.1086,8.74,80.86,31.68,18,Moderate
Kohima,25.6751,94.1086,6.57,96.78,30.66,27,Moderate
Kohima,25.6751,94.1086,11.9,83.39,41.33,17,Moderate
Kohima,25.6751,94.1086,7.31,84.7,36.9,21,Moderate
Kohima,25.6751,94.1086,16.31,83.73,34.44,26,Moderate
Kohima,25.6751,94.1086,9.9,77.58,35.29,29,Moderate
Kohima,25.6751,94.1086,7.32,70.2,33.81,26,Moderate
Kohima,25.6751,94.1086,7.9,78.34,29.52,20,Moderate
Kohima,25.6751,94.1086,6.38,80.7,30.82,17,Moderate
Kohima,25.6751,94.1086,0.97,88.45,35.59,27,Moderate
Kohima,25.6751,94.1086,0.04,82.67,33.49,33,Moderate
Kohima,25.6751,94.1086,22.42,83.22,32.4,21,Moderate
Kohima,25.6751,94.1086,8.64,88.8,33.76,14,Moderate
Kohima,25.6751,94.1086,0.34,86.37,38.6,25,Moderate
Kohima,25.6751,94.1086,0.95,81.7,34.49,17,Moderate
Kohima,25.6751,94.1086,15.0,97.03,39.76,21,Moderate
Kohima,25.6751,94.1086,0.64,83.66,32.76,19,Moderate
Kohima,25.6751,94.1086,1.3,76.93,28.23,14,Low
Kohima,25.6751,94.1086,0.45,97.08,35.81,24,Moderate
Kohima,25.6751,94.1086,0.03,98.0,32.26,30,Moderate
Kohima,25.6751,94.1086,1.21,98.0,37.64,25,Moderate
Kohima,25.6751,94.1086,6.62,91.93,28.96,27,Moderate
Kohima,25.6751,94.1086,19.93,94.94,41.68,21,Moderate
Kohima,25.6751,94.1086,2.0,98.0,30.38,27,Moderate
Kohima,25.6751,94.1086,4.58,81.56,28.84,21,Moderate
Kohima,25.6751,94.1086,10.45,90.43,32.94,23,Moderate
Kohima,25.6751,94.1086,29.83,89.48,37.82,22,Moderate
Kohima,25.6751,94.1086,17.21,95.76,28.46,25,Moderate
Kohima,25.6751,94.1086,0.89,98.0,38.29,19,Moderate
Kohima,25.6751,94.1086,5.18,94.97,34.68,27,Moderate
Kohima,25.6751,94.1086,13.91,98.0,31.75,17,Moderate
Kohima,25.6751,94.1086,6.66,82.18,30.97,21,Moderate
Kohima,25.6751,94.1086,10.37,95.18,40.6,24,Moderate
Kohima,25.6751,94.1086,1.16,98.0,32.49,23,Moderate
Kohima,25.6751,94.1086,4.28,88.35,38.62,15,Moderate
Kohima,25.6751,94.1086,38.93,93.79,32.15,24,Moderate
Kohima,25.6751,94.1086,22.99,76.54,35.86,40,Moderate
Kohima,25.6751,94.1086,4.0,98.0,34.25,21,Moderate
Kohima,25.6751,94.1086,43.53,98.0,28.93,25,Moderate
Kohima,25.6751,94.1086,1.99,97.31,34.28,26,Moderate
Kohima,25.6751,94.1086,7.54,90.31,36.38,29,Moderate
Kohima,25.6751,94.1086,4.09,98.0,31.87,23,Moderate
Kohima,25.6751,94.1086,6.89,81.27,33.1,15,Moderate
Kohima,25.6751,94.1086,38.58,92.8,36.37,20,Moderate
Kohima,25.6751,94.1086,7.92,98.0,27.84,17,Moderate
Kohima,25.6751,94.1086,9.43,77.3,34.17,21,Moderate
Kohima,25.6751,94.1086,8.55,98.0,38.23,32,Moderate
Kohima,25.6751,94.1086,23.92,98.0,29.54,27,Moderate
Kohima,25.6751,94.1086,9.29,98.0,32.19,21,Moderate
Kohima,25.6751,94.1086,3.0,82.35,40.87,26,Moderate
Kohima,25.6751,94.1086,3.2,98.0,27.13,18,Moderate
Kohima,25.6751,94.1086,0.44,80.31,32.07,22,Moderate
Kohima,25.6751,94.1086,0.49,98.0,33.14,20,Moderate
Kohima,25.6751,94.1086,3.23,90.85,38.14,22,Moderate
Kohima,25.6751,94.1086,2.14,69.75,28.71,22,Low
Kohima,25.6751,94.1086,0.0,80.02,27.14,21,Low
Kohima,25.6751,94.1086,5.8,74.07,35.68,22,Moderate
Kohima,25.6751,94.1086,0.0,85.0,32.01,17,Moderate
Kohima,25.6751,94.1086,31.8,81.73,39.35,19,Moderate
Kohima,25.6751,94.1086,2.0,59.8,33.45,31,Low
Kohima,25.6751,94.1086,0.0,96.54,38.24,26,Moderate
Kohima,25.6751,94.1086,3.47,64.35,37.33,18,Low
Kohima,25.6751,94.1086,0.0,69.5,40.3,23,Moderate
Kohima,25.6751,94.1086,0.0,88.24,29.04,27,Moderate
Kohima,25.6751,94.1086,10.8,79.05,35.31,19,Moderate
Kohima,25.6751,94.1086,0.16,78.47,25.85,22,Low
Kohima,25.6751,94.1086,0.0,93.98,27.95,21,Moderate
Kohima,25.6751,94.1086,10.01,89.86,31.48,20,Moderate
Kohima,25.6751,94.1086,0.06,91.89,33.0,27,Moderate
Kohima,25.6751,94.1086,0.09,81.19,34.35,16,Moderate
Kohima,25.6751,94.1086,1.26,82.32,31.17,20,Moderate
Kohima,25.6751,94.1086,0.03,98.0,38.7,23,Moderate
Kohima,25.6751,94.1086,3.53,90.77,30.23,26,Moderate
Kohima,25.6751,94.1086,8.03,71.94,34.04,21,Moderate
Kohima,25.6751,94.1086,4.82,73.81,30.41,23,Moderate
Kohima,25.6751,94.1086,12.64,69.71,33.28,31,Moderate
Kohima,25.6751,94.1086,3.24,87.58,31.37,23,Moderate
Kohima,25.6751,94.1086,2.78,66.33,31.87,29,Moderate
Kohima,25.6751,94.1086,0.13,74.24,40.26,32,Moderate
Kohima,25.6751,94.1086,0.16,60.02,28.2,24,Low
Kohima,25.6751,94.1086,1.93,71.58,28.92,25,Low
Kohima,25.6751,94.1086,2.78,91.62,35.3,21,Moderate
Kohima,25.6751,94.1086,0.16,78.82,33.29,26,Moderate
Kohima,25.6751,94.1086,2.48,86.4,30.64,24,Moderate
Kohima,25.6751,94.1086,0.03,65.09,35.09,28,Moderate
Kohima,25.6751,94.1086,1.6,77.39,31.75,18,Moderate
Kohima,25.6751,94.1086,1.79,79.67,30.13,23,Moderate
Kohima,25.6751,94.1086,3.17,82.94,27.43,25,Moderate
Kohima,25.6751,94.1086,0.06,63.87,33.98,23,Low
Kohima,25.6751,94.1086,0.47,77.53,35.35,15,Moderate
Kohima,25.6751,94.1086,0.35,77.99,30.63,22,Moderate
Kohima,25.6751,94.1086,8.85,71.91,34.41,28,Moderate
Kohima,25.6751,94.1086,0.0,85.21,32.42,18,Moderate
Kohima,25.6751,94.1086,2.53,89.0,30.99,25,Moderate
Kohima,25.6751,94.1086,2.46,82.06,31.8,25,Moderate
Kohima,25.6751,94.1086,0.15,70.33,28.83,21,Low
Kohima,25.6751,94.1086,12.21,62.72,34.6,27,Moderate
Kohima,25.6751,94.1086,0.02,84.76,22.28,27,Moderate
Kohima,25.6751,94.1086,1.06,85.32,28.76,18,Moderate
Kohima,25.6751,94.1086,1.12,68.26,32.27,27,Moderate
Kohima,25.6751,94.1086,0.16,63.78,29.45,20,Low
Kohima,25.6751,94.1086,0.33,72.69,40.61,21,Moderate
Kohima,25.6751,94.1086,0.28,78.65,33.12,17,Moderate
Kohima,25.6751,94.1086,0.16,79.26,33.62,19,Moderate
Kohima,25.6751,94.1086,1.34,78.22,30.46,15,Low
Kohima,25.6751,94.1086,0.05,64.28,35.7,27,Moderate
Kohima,25.6751,94.1086,1.96,56.11,26.6,25,Low
Kohima,25.6751,94.1086,0.28,69.53,30.75,30,Moderate
Kohima,25.6751,94.1086,6.62,61.84,27.79,17,Low
Kohima,25.6751,94.1086,0.08,73.08,33.55,18,Low
Kohima,25.6751,94.1086,1.37,73.49,27.81,14,Low
Kohima,25.6751,94.1086,0.66,81.98,30.48,21,Moderate
Kohima,25.6751,94.1086,0.11,71.91,33.25,23,Moderate
Kohima,25.6751,94.1086,1.12,63.46,30.13,19,Low
Kohima,25.6751,94.1086,1.44,65.77,35.93,21,Low
Kohima,25.6751,94.1086,0.25,66.34,41.3,34,Moderate
Imphal,24.817,93.9368,0.62,32.61,14.75,7,Low
Imphal,24.817,93.9368,0.23,54.28,10.29,8,Low
Imphal,24.817,93.9368,0.06,55.38,12.86,7,Low
Imphal,24.817,93.9368,1.7,80.82,11.88,9,Low
Imphal,24.817,93.9368,0.11,55.2,11.83,9,Low
Imphal,24.817,93.9368,0.28,44.29,15.55,9,Low
Imphal,24.817,93.9368,0.01,67.46,11.23,13,Low
Imphal,24.817,93.9368,0.93,49.27,13.47,10,Low
Imphal,24.817,93.9368,0.24,39.63,9.66,10,Low
Imphal,24.817,93.9368,1.64,50.23,9.18,11,Low
Imphal,24.817,93.9368,0.42,64.33,16.55,5,Low
Imphal,24.817,93.9368,0.0,68.63,9.18,5,Low
Imphal,24.817,93.9368,0.88,52.92,18.17,4,Low
Imphal,24.817,93.9368,1.04,48.58,12.06,9,Low
Imphal,24.817,93.9368,0.75,52.33,8.3,8,Low
Imphal,24.817,93.9368,0.24,60.56,13.2,6,Low
Imphal,24.817,93.9368,0.43,22.94,16.42,13,Low
Imphal,24.817,93.9368,0.85,31.66,13.59,7,Low
Imphal,24.817,93.9368,1.02,61.7,17.79,9,Low
Imphal,24.817,93.9368,0.61,25.63,14.63,6,Low
Imphal,24.817,93.9368,0.01,61.07,7.32,2,Low
Imphal,24.817,93.9368,0.86,65.2,10.55,8,Low
Imphal,24.817,93.9368,0.01,47.77,13.91,10,Low
Imphal,24.817,93.9368,0.16,61.69,19.69,6,Low
Imphal,24.817,93.9368,0.12,38.0,15.28,6,Low
Imphal,24.817,93.9368,0.09,70.55,16.76,7,Low
Imphal,24.817,93.9368,1.74,46.25,12.22,9,Low
Imphal,24.817,93.9368,0.06,59.22,16.68,7,Low
Imphal,24.817,93.9368,3.07,46.38,15.15,13,Low
Imphal,24.817,93.9368,0.95,52.08,18.21,8,Low
Imphal,24.817,93.9368,0.04,55.83,12.67,8,Low
Imphal,24.817,93.9368,0.21,44.83,13.03,6,Low
Imphal,24.817,93.9368,0.94,52.37,18.9,10,Low
Imphal,24.817,93.9368,0.0,80.1,12.47,9,Low
Imphal,24.817,93.9368,0.14,51.7,19.52,10,Low
Imphal,24.817,93.9368,0.67,42.11,13.17,6,Low
Imphal,24.817,93.9368,0.19,42.84,16.38,6,Low
Imphal,24.817,93.9368,2.01,64.34,16.22,7,Low
Imphal,24.817,93.9368,2.13,54.2,9.51,7,Low
Imphal,24.817,93.9368,1.2,47.58,8.95,5,Low
Imphal,24.817,93.9368,0.01,49.91,9.58,6,Low
Imphal,24.817,93.9368,4.13,62.76,12.63,8,Low
Imphal,24.817,93.9368,3.09,47.35,16.81,10,Low
Imphal,24.817,93.9368,2.27,56.45,14.73,10,Low
Imphal,24.817,93.9368,0.48,62.56,7.93,5,Low
Imphal,24.817,93.9368,0.94,59.04,8.73,4,Low
Imphal,24.817,93.9368,0.2,55.08,16.33,7,Low
Imphal,24.817,93.9368,2.97,81.98,9.13,3,Low
Imphal,24.817,93.9368,1.29,56.79,15.75,7,Low
Imphal,24.817,93.9368,1.15,63.02,16.85,9,Low
Imphal,24.817,93.9368,1.22,52.32,9.11,8,Low
Imphal,24.817,93.9368,0.05,67.4,16.98,6,Low
Imphal,24.817,93.9368,0.0,63.51,17.96,11,Low
Imphal,24.817,93.9368,0.0,56.77,10.56,3,Low
Imphal,24.817,93.9368,0.07,64.92,15.26,7,Low
Imphal,24.817,93.9368,2.24,68.22,13.56,7,Low
Imphal,24.817,93.9368,0.6,40.07,16.89,7,Low
Imphal,24.817,93.9368,4.17,54.53,15.66,8,Low
Imphal,24.817,93.9368,0.83,77.85,11.58,7,Low
Imphal,24.817,93.9368,8.04,38.59,11.56,9,Low
Imphal,24.817,93.9368,3.78,62.1,11.4,10,Low
Imphal,24.817,93.9368,0.02,45.75,5.41,11,Low
Imphal,24.817,93.9368,0.6,44.2,13.74,4,Low
Imphal,24.817,93.9368,13.73,51.33,11.04,10,Low
Imphal,24.817,93.9368,0.71,48.28,11.7,10,Low
Imphal,24.817,93.9368,0.53,63.8,18.52,4,Low
Imphal,24.817,93.9368,4.78,46.92,13.97,4,Low
Imphal,24.817,93.9368,7.05,51.01,13.51,9,Low
Imphal,24.817,93.9368,1.62,67.66,11.04,8,Low
Imphal,24.817,93.9368,2.51,58.04,13.99,4,Low
Imphal,24.817,93.9368,5.76,44.18,12.45,7,Low
Imphal,24.817,93.9368,3.93,85.68,12.76,10,Low
Imphal,24.817,93.9368,9.91,50.7,13.34,11,Low
Imphal,24.817,93.9368,0.01,58.79,10.9,8,Low
Imphal,24.817,93.9368,0.1,61.39,11.35,8,Low
Imphal,24.817,93.9368,0.81,65.44,11.66,8,Low
Imphal,24.817,93.9368,3.79,58.16,9.2,5,Low
Imphal,24.817,93.9368,1.69,53.4,18.16,11,Low
Imphal,24.817,93.9368,2.53,63.66,13.12,11,Low
Imphal,24.817,93.9368,9.66,52.74,12.95,8,Low
Imphal,24.817,93.9368,8.06,71.24,14.47,10,Low
Imphal,24.817,93.9368,1.65,64.12,13.31,7,Low
Imphal,24.817,93.9368,4.9,44.69,13.57,8,Low
Imphal,24.817,93.9368,0.11,36.0,13.88,10,Low
Imphal,24.817,93.9368,0.33,58.56,15.6,10,Low
Imphal,24.817,93.9368,18.13,60.36,11.84,14,Low
Imphal,24.817,93.9368,14.99,50.44,12.78,9,Low
Imphal,24.817,93.9368,9.26,61.61,6.02,4,Low
Imphal,24.817,93.9368,0.96,57.21,14.6,14,Low
Imphal,24.817,93.9368,58.19,66.89,11.43,9,Low
Imphal,24.817,93.9368,8.17,67.37,17.82,11,Low
Imphal,24.817,93.9368,5.48,67.96,12.58,11,Low
Imphal,24.817,93.9368,3.73,60.76,15.68,10,Low
Imphal,24.817,93.9368,1.97,71.55,16.74,12,Low
Imphal,24.817,93.9368,3.26,78.37,15.5,9,Low
Imphal,24.817,93.9368,6.82,79.17,11.08,5,Low
Imphal,24.817,93.9368,5.39,72.17,10.56,6,Low
Imphal,24.817,93.9368,1.76,74.06,12.26,6,Low
Imphal,24.817,93.9368,10.22,82.3,10.11,7,Low
Imphal,24.817,93.9368,3.31,66.0,16.23,7,Low
Imphal,24.817,93.9368,7.17,69.82,18.71,10,Low
Imphal,24.817,93.9368,7.05,74.6,19.09,6,Low
Imphal,24.817,93.9368,0.16,60.77,19.61,9,Low
Imphal,24.817,93.9368,23.83,80.54,15.87,6,Low
Imphal,24.817,93.9368,25.56,72.48,18.59,4,Low
Imphal,24.817,93.9368,2.55,53.24,6.08,7,Low
Imphal,24.817,93.9368,9.95,45.55,12.15,3,Low
Imphal,24.817,93.9368,3.3,65.3,9.73,11,Low
Imphal,24.817,93.9368,34.65,76.9,9.11,17,Low
Imphal,24.817,93.9368,1.16,69.33,14.83,12,Low
Imphal,24.817,93.9368,2.88,71.89,13.77,9,Low
Imphal,24.817,93.9368,22.64,58.03,13.41,10,Low
Imphal,24.817,93.9368,27.67,86.6,12.17,11,Low
Imphal,24.817,93.9368,12.74,76.42,16.61,14,Low
Imphal,24.817,93.9368,8.52,70.9,16.87,8,Low
Imphal,24.817,93.9368,1.88,64.82,12.23,8,Low
Imphal,24.817,93.9368,25.82,59.41,17.9,8,Low
Imphal,24.817,93.9368,7.88,60.76,12.71,5,Low
Imphal,24.817,93.9368,10.75,67.65,19.4,8,Low
Imphal,24.817,93.9368,3.36,55.97,16.64,9,Low
Imphal,24.817,93.9368,44.69,40.2,16.54,10,Low
Imphal,24.817,93.9368,0.95,76.12,10.99,3,Low
Imphal,24.817,93.9368,0.14,65.16,13.84,4,Low
Imphal,24.817,93.9368,30.07,61.23,13.49,6,Low
Imphal,24.817,93.9368,26.19,65.24,15.5,10,Low
Imphal,24.817,93.9368,8.33,75.29,15.39,9,Low
Imphal,24.817,93.9368,0.03,73.89,21.14,5,Low
Imphal,24.817,93.9368,5.49,49.6,14.46,5,Low
Imphal,24.817,93.9368,26.75,69.96,14.44,5,Low
Imphal,24.817,93.9368,2.2,62.4,21.0,8,Low
Imphal,24.817,93.9368,0.68,67.62,13.57,9,Low
Imphal,24.817,93.9368,1.51,89.33,13.38,7,Low
Imphal,24.817,93.9368,0.14,72.11,15.66,5,Low
Imphal,24.817,93.9368,3.68,80.69,18.1,9,Low
Imphal,24.817,93.9368,0.89,95.12,11.6,12,Low
Imphal,24.817,93.9368,1.49,54.95,12.23,4,Low
Imphal,24.817,93.9368,2.94,51.76,13.98,9,Low
Imphal,24.817,93.9368,0.0,64.34,15.4,7,Low
Imphal,24.817,93.9368,0.0,58.41,12.89,6,Low
Imphal,24.817,93.9368,5.73,56.28,14.26,9,Low
Imphal,24.817,93.9368,0.0,48.37,12.44,7,Low
Imphal,24.817,93.9368,0.0,45.94,8.82,10,Low
Imphal,24.817,93.9368,0.0,48.72,14.56,8,Low
Imphal,24.817,93.9368,6.0,71.83,13.75,5,Low
Imphal,24.817,93.9368,15.28,73.43,12.22,9,Low
Imphal,24.817,93.9368,4.73,56.88,11.5,5,Low
Imphal,24.817,93.9368,0.0,56.56,12.79,10,Low
Imphal,24.817,93.9368,0.0,68.88,21.85,12,Low
Imphal,24.817,93.9368,0.0,47.37,11.26,7,Low
Imphal,24.817,93.9368,12.76,63.14,13.17,8,Low
Imphal,24.817,93.9368,1.74,44.7,13.09,8,Low
Imphal,24.817,93.9368,4.63,70.37,16.56,9,Low
Imphal,24.817,93.9368,3.32,46.88,13.59,10,Low
Imphal,24.817,93.9368,0.28,42.91,18.16,9,Low
Imphal,24.817,93.9368,3.48,50.33,14.82,8,Low
Imphal,24.817,93.9368,0.56,63.69,13.02,7,Low
Imphal,24.817,93.9368,0.15,59.45,11.12,1,Low
Imphal,24.817,93.9368,2.04,59.87,11.04,6,Low
Imphal,24.817,93.9368,1.84,63.75,12.41,8,Low
Imphal,24.817,93.9368,1.95,44.76,11.89,8,Low
Imphal,24.817,93.9368,0.96,67.03,15.78,10,Low
Imphal,24.817,93.9368,1.19,58.49,10.6,6,Low
Imphal,24.817,93.9368,0.79,57.51,8.31,12,Low
Imphal,24.817,93.9368,0.65,47.86,16.64,9,Low
Imphal,24.817,93.9368,0.1,61.39,6.18,6,Low
Imphal,24.817,93.9368,2.5,48.72,10.71,4,Low
Imphal,24.817,93.9368,3.99,68.25,14.26,14,Low
Imphal,24.817,93.9368,0.28,57.89,23.88,10,Low
Imphal,24.817,93.9368,0.05,48.86,17.05,5,Low
Imphal,24.817,93.9368,0.59,45.69,15.52,2,Low
Imphal,24.817,93.9368,1.26,48.65,14.86,4,Low
Imphal,24.817,93.9368,2.57,49.78,16.96,11,Low
Imphal,24.817,93.9368,1.71,42.96,11.29,11,Low
Imphal,24.817,93.9368,3.4,58.66,11.93,4,Low
Imphal,24.817,93.9368,0.28,62.43,13.36,10,Low
Imphal,24.817,93.9368,3.19,59.56,12.76,6,Low
Imphal,24.817,93.9368,1.34,45.97,19.06,9,Low
Imphal,24.817,93.9368,1.7,53.32,14.55,5,Low
Imphal,24.817,93.9368,4.21,60.51,9.67,5,Low
Imphal,24.817,93.9368,0.17,57.98,12.69,6,Low
Imphal,24.817,93.9368,0.95,51.65,10.15,18,Low
Imphal,24.817,93.9368,0.61,41.44,16.02,13,Low
Imphal,24.817,93.9368,0.36,54.88,13.14,10,Low
Imphal,24.817,93.9368,3.14,63.26,14.92,7,Low
Imphal,24.817,93.9368,2.08,59.02,18.14,4,Low
Imphal,24.817,93.9368,3.59,46.6,19.87,4,Low
Imphal,24.817,93.9368,5.17,48.89,13.9,8,Low
Imphal,24.817,93.9368,0.4,46.18,10.75,8,Low
Imphal,24.817,93.9368,0.99,55.05,19.7,7,Low
Imphal,24.817,93.9368,0.16,53.95,14.84,9,Low
Imphal,24.817,93.9368,0.08,38.57,13.72,8,Low
Imphal,24.817,93.9368,4.14,53.11,18.66,10,Low
Imphal,24.817,93.9368,0.89,65.33,14.1,9,Low
Imphal,24.817,93.9368,1.11,78.09,12.84,7,Low
Imphal,24.817,93.9368,0.53,38.32,18.9,4,Low
Imphal,24.817,93.9368,1.76,51.56,13.05,9,Low
Imphal,24.817,93.9368,0.31,41.48,9.15,13,Low
Imphal,24.817,93.9368,0.5,62.89,13.18,8,Low
Imphal,24.817,93.9368,1.17,36.14,18.23,10,Low
Imphal,24.817,93.9368,0.57,47.55,14.44,7,Low
Bomdila,27.2645,92.4159,0.1,48.65,36.56,14,Low
Bomdila,27.2645,92.4159,0.21,45.93,36.18,14,Low
Bomdila,27.2645,92.4159,1.82,65.74,34.66,24,Moderate
Bomdila,27.2645,92.4159,1.19,69.28,38.32,19,Moderate
Bomdila,27.2645,92.4159,0.56,63.85,36.42,11,Low
Bomdila,27.2645,92.4159,0.09,60.92,35.52,23,Low
Bomdila,27.2645,92.4159,0.46,82.21,40.03,11,Moderate
Bomdila,27.2645,92.4159,0.02,67.23,37.36,21,Moderate
Bomdila,27.2645,92.4159,1.09,72.48,34.54,22,Moderate
Bomdila,27.2645,92.4159,1.93,68.23,35.78,16,Low
Bomdila,27.2645,92.4159,0.89,52.82,41.97,20,Low
Bomdila,27.2645,92.4159,0.16,73.1,39.62,14,Moderate
Bomdila,27.2645,92.4159,0.03,69.96,38.89,23,Moderate
Bomdila,27.2645,92.4159,1.15,65.16,40.04,20,Moderate
Bomdila,27.2645,92.4159,0.06,81.8,32.97,20,Moderate
Bomdila,27.2645,92.4159,0.14,69.66,32.87,15,Low
Bomdila,27.2645,92.4159,0.08,55.34,40.16,29,Moderate
Bomdila,27.2645,92.4159,0.84,75.77,34.13,31,Moderate
Bomdila,27.2645,92.4159,1.21,53.52,38.04,29,Low
Bomdila,27.2645,92.4159,1.55,78.9,37.5,22,Moderate
Bomdila,27.2645,92.4159,0.17,71.05,31.14,26,Moderate
Bomdila,27.2645,92.4159,1.4,74.84,41.13,22,Moderate
Bomdila,27.2645,92.4159,4.45,72.8,33.13,22,Moderate
Bomdila,27.2645,92.4159,2.95,74.15,30.11,19,Low
Bomdila,27.2645,92.4159,0.06,69.97,35.43,21,Moderate
Bomdila,27.2645,92.4159,0.2,66.83,36.77,23,Moderate
Bomdila,27.2645,92.4159,0.05,54.64,37.78,23,Low
Bomdila,27.2645,92.4159,0.61,37.66,37.62,24,Low
Bomdila,27.2645,92.4159,0.11,72.92,33.38,26,Moderate
Bomdila,27.2645,92.4159,0.64,51.95,35.46,29,Low
Bomdila,27.2645,92.4159,4.69,71.96,40.14,16,Moderate
Bomdila,27.2645,92.4159,0.22,54.88,35.77,15,Low
Bomdila,27.2645,92.4159,3.35,68.13,35.46,19,Moderate
Bomdila,27.2645,92.4159,0.36,68.29,40.75,21,Moderate
Bomdila,27.2645,92.4159,4.14,72.28,37.51,10,Moderate
Bomdila,27.2645,92.4159,0.95,91.37,41.88,22,Moderate
Bomdila,27.2645,92.4159,2.76,62.88,31.4,20,Low
Bomdila,27.2645,92.4159,2.75,72.76,38.82,27,Moderate
Bomdila,27.2645,92.4159,2.63,66.25,38.13,20,Moderate
Bomdila,27.2645,92.4159,2.76,50.52,39.47,17,Low
Bomdila,27.2645,92.4159,0.15,81.05,37.2,13,Moderate
Bomdila,27.2645,92.4159,1.85,63.22,36.95,19,Low
Bomdila,27.2645,92.4159,1.45,63.28,33.45,25,Low
Bomdila,27.2645,92.4159,0.6,65.35,33.54,20,Low
Bomdila,27.2645,92.4159,0.44,62.74,37.08,24,Low
Bomdila,27.2645,92.4159,0.18,60.07,38.31,17,Low
Bomdila,27.2645,92.4159,0.5,51.28,32.24,16,Low
Bomdila,27.2645,92.4159,2.26,73.59,33.82,32,Moderate
Bomdila,27.2645,92.4159,6.77,62.35,40.22,21,Moderate
Bomdila,27.2645,92.4159,0.31,71.45,32.12,20,Low
Bomdila,27.2645,92.4159,2.69,68.18,36.8,16,Moderate
Bomdila,27.2645,92.4159,6.46,64.17,37.81,21,Moderate
Bomdila,27.2645,92.4159,5.69,68.78,33.68,17,Low
Bomdila,27.2645,92.4159,2.71,72.67,36.0,13,Moderate
Bomdila,27.2645,92.4159,1.77,84.99,34.15,22,Moderate
Bomdila,27.2645,92.4159,5.9,74.99,39.28,15,Moderate
Bomdila,27.2645,92.4159,1.59,71.77,41.71,17,Moderate
Bomdila,27.2645,92.4159,10.99,80.66,34.34,12,Moderate
Bomdila,27.2645,92.4159,2.0,68.58,38.62,12,Low
Bomdila,27.2645,92.4159,2.98,74.31,36.82,29,Moderate
Bomdila,27.2645,92.4159,0.15,84.21,37.75,17,Moderate
Bomdila,27.2645,92.4159,6.73,65.26,38.14,19,Moderate
Bomdila,27.2645,92.4159,5.16,74.64,43.46,21,Moderate
Bomdila,27.2645,92.4159,1.93,70.46,43.87,15,Moderate
Bomdila,27.2645,92.4159,3.87,75.27,31.39,11,Low
Bomdila,27.2645,92.4159,2.66,75.4,45.07,24,Moderate
Bomdila,27.2645,92.4159,4.31,61.82,38.05,22,Moderate
Bomdila,27.2645,92.4159,6.5,86.27,35.05,16,Moderate
Bomdila,27.2645,92.4159,5.19,66.75,41.6,22,Moderate
Bomdila,27.2645,92.4159,0.36,81.91,34.52,21,Moderate
Bomdila,27.2645,92.4159,1.19,78.2,39.32,29,Moderate
Bomdila,27.2645,92.4159,3.42,72.42,41.94,18,Moderate
Bomdila,27.2645,92.4159,26.16,57.05,40.58,20,Moderate
Bomdila,27.2645,92.4159,4.12,63.61,38.47,19,Moderate
Bomdila,27.2645,92.4159,0.4,81.33,36.2,14,Moderate
Bomdila,27.2645,92.4159,0.26,77.83,39.37,16,Moderate
Bomdila,27.2645,92.4159,26.28,81.68,35.2,16,Moderate
Bomdila,27.2645,92.4159,0.14,84.82,36.59,17,Moderate
Bomdila,27.2645,92.4159,0.42,72.0,39.5,13,Moderate
Bomdila,27.2645,92.4159,0.92,57.95,39.9,8,Low
Bomdila,27.2645,92.4159,0.33,61.31,35.88,14,Low
Bomdila,27.2645,92.4159,1.36,60.11,39.53,20,Low
Bomdila,27.2645,92.4159,6.55,78.38,34.98,20,Moderate
Bomdila,27.2645,92.4159,6.7,75.72,33.44,16,Moderate
Bomdila,27.2645,92.4159,5.87,80.71,37.73,15,Moderate
Bomdila,27.2645,92.4159,6.07,87.65,41.59,17,Moderate
Bomdila,27.2645,92.4159,0.05,72.07,39.42,19,Moderate
Bomdila,27.2645,92.4159,1.74,89.19,43.46,18,Moderate
Bomdila,27.2645,92.4159,27.38,71.62,34.35,25,Moderate
Bomdila,27.2645,92.4159,23.01,74.56,33.43,27,Moderate
Bomdila,27.2645,92.4159,7.4,76.42,38.44,16,Moderate
Bomdila,27.2645,92.4159,3.47,70.9,39.97,19,Moderate
Bomdila,27.2645,92.4159,0.49,82.56,34.06,17,Moderate
Bomdila,27.2645,92.4159,0.06,92.13,38.5,20,Moderate
Bomdila,27.2645,92.4159,0.44,73.62,37.16,21,Moderate
Bomdila,27.2645,92.4159,12.42,78.44,37.96,22,Moderate
Bomdila,27.2645,92.4159,1.22,95.24,39.43,22,Moderate
Bomdila,27.2645,92.4159,0.8,98.0,39.25,17,Moderate
Bomdila,27.2645,92.4159,1.98,68.36,43.01,25,Moderate
Bomdila,27.2645,92.4159,6.26,79.01,36.56,22,Moderate
Bomdila,27.2645,92.4159,21.62,87.65,43.4,14,Moderate
Bomdila,27.2645,92.4159,0.88,84.01,38.84,17,Moderate
Bomdila,27.2645,92.4159,5.12,79.76,36.22,20,Moderate
Bomdila,27.2645,92.4159,23.18,98.0,40.27,34,Moderate
Bomdila,27.2645,92.4159,2.3,92.05,38.89,21,Moderate
Bomdila,27.2645,92.4159,35.04,88.04,32.36,26,Moderate
Bomdila,27.2645,92.4159,14.43,95.17,38.3,14,Moderate
Bomdila,27.2645,92.4159,21.05,88.28,39.33,15,Moderate
Bomdila,27.2645,92.4159,14.78,98.0,35.25,25,Moderate
Bomdila,27.2645,92.4159,2.16,98.0,42.39,25,Moderate
Bomdila,27.2645,92.4159,0.75,98.0,36.78,21,Moderate
Bomdila,27.2645,92.4159,3.95,76.61,39.35,30,Moderate
Bomdila,27.2645,92.4159,37.03,77.53,33.79,17,Moderate
Bomdila,27.2645,92.4159,50.65,98.0,34.96,22,Moderate
Bomdila,27.2645,92.4159,46.78,98.0,31.48,13,Moderate
Bomdila,27.2645,92.4159,0.27,98.0,34.84,21,Moderate
Bomdila,27.2645,92.4159,18.38,86.67,34.27,24,Moderate
Bomdila,27.2645,92.4159,14.18,80.26,40.02,20,Moderate
Bomdila,27.2645,92.4159,2.6,91.73,34.95,18,Moderate
Bomdila,27.2645,92.4159,2.09,95.46,39.4,17,Moderate
Bomdila,27.2645,92.4159,67.89,87.15,42.64,24,High
Bomdila,27.2645,92.4159,6.6,98.0,45.22,11,Moderate
Bomdila,27.2645,92.4159,0.26,81.59,46.51,8,Moderate
Bomdila,27.2645,92.4159,13.11,87.68,35.38,16,Moderate
Bomdila,27.2645,92.4159,17.95,87.19,42.13,27,Moderate
Bomdila,27.2645,92.4159,11.17,73.82,39.98,18,Moderate
Bomdila,27.2645,92.4159,22.55,88.64,33.89,25,Moderate
Bomdila,27.2645,92.4159,4.36,86.37,30.8,19,Moderate
Bomdila,27.2645,92.4159,9.52,90.25,38.25,19,Moderate
Bomdila,27.2645,92.4159,1.99,77.16,34.92,18,Moderate
Bomdila,27.2645,92.4159,35.53,80.68,41.39,13,Moderate
Bomdila,27.2645,92.4159,4.04,98.0,39.81,14,Moderate
Bomdila,27.2645,92.4159,0.0,86.82,32.2,13,Moderate
Bomdila,27.2645,92.4159,62.71,74.0,41.89,36,Moderate
Bomdila,27.2645,92.4159,1.01,88.46,37.78,17,Moderate
Bomdila,27.2645,92.4159,0.07,87.58,36.25,18,Moderate
Bomdila,27.2645,92.4159,14.76,81.21,35.58,14,Moderate
Bomdila,27.2645,92.4159,22.84,98.0,42.55,19,Moderate
Bomdila,27.2645,92.4159,3.19,92.4,40.53,25,Moderate
Bomdila,27.2645,92.4159,11.4,82.86,35.5,11,Moderate
Bomdila,27.2645,92.4159,14.75,84.66,35.91,23,Moderate
Bomdila,27.2645,92.4159,13.18,74.52,37.43,19,Moderate
Bomdila,27.2645,92.4159,0.97,71.57,36.3,30,Moderate
Bomdila,27.2645,92.4159,9.07,83.81,35.11,28,Moderate
Bomdila,27.2645,92.4159,8.86,67.46,38.36,24,Moderate
Bomdila,27.2645,92.4159,6.94,62.56,39.7,17,Moderate
Bomdila,27.2645,92.4159,11.0,81.3,35.41,15,Moderate
Bomdila,27.2645,92.4159,3.26,82.88,40.08,27,Moderate
Bomdila,27.2645,92.4159,5.27,86.34,38.81,16,Moderate
Bomdila,27.2645,92.4159,2.27,73.67,33.72,19,Moderate
Bomdila,27.2645,92.4159,20.13,66.26,37.42,18,Moderate
Bomdila,27.2645,92.4159,43.47,72.74,41.87,21,Moderate
Bomdila,27.2645,92.4159,0.49,63.88,37.58,15,Low
Bomdila,27.2645,92.4159,1.46,87.83,44.1,25,Moderate
Bomdila,27.2645,92.4159,2.75,77.8,35.98,18,Moderate
Bomdila,27.2645,92.4159,2.78,81.29,31.2,20,Moderate
Bomdila,27.2645,92.4159,8.94,66.59,34.2,21,Moderate
Bomdila,27.2645,92.4159,2.98,79.75,29.11,21,Moderate
Bomdila,27.2645,92.4159,4.06,67.1,26.8,19,Low
Bomdila,27.2645,92.4159,4.65,50.35,31.69,13,Low
Bomdila,27.2645,92.4159,0.29,53.63,36.84,32,Low
Bomdila,27.2645,92.4159,11.72,72.79,36.66,19,Moderate
Bomdila,27.2645,92.4159,5.26,58.82,39.06,18,Low
Bomdila,27.2645,92.4159,0.67,84.98,36.77,22,Moderate
Bomdila,27.2645,92.4159,1.82,76.72,32.01,27,Moderate
Bomdila,27.2645,92.4159,3.81,72.63,33.28,20,Moderate
Bomdila,27.2645,92.4159,0.82,70.06,38.02,22,Moderate
Bomdila,27.2645,92.4159,12.69,75.12,41.4,15,Moderate
Bomdila,27.2645,92.4159,0.68,77.99,37.84,24,Moderate
Bomdila,27.2645,92.4159,0.62,76.84,37.87,9,Moderate
Bomdila,27.2645,92.4159,0.01,56.77,39.06,21,Low
Bomdila,27.2645,92.4159,1.52,61.86,39.39,17,Low
Bomdila,27.2645,92.4159,0.9,91.77,33.3,9,Moderate
Bomdila,27.2645,92.4159,0.11,78.6,35.95,24,Moderate
Bomdila,27.2645,92.4159,3.43,67.51,45.31,23,Moderate
Bomdila,27.2645,92.4159,1.81,61.78,34.66,13,Low
Bomdila,27.2645,92.4159,0.01,53.43,37.58,16,Low
Bomdila,27.2645,92.4159,0.63,72.32,38.17,20,Moderate
Bomdila,27.2645,92.4159,2.86,68.0,35.71,23,Moderate
Bomdila,27.2645,92.4159,6.47,58.62,40.62,19,Moderate
Bomdila,27.2645,92.4159,5.92,59.57,36.37,13,Low
Bomdila,27.2645,92.4159,8.82,72.64,44.07,16,Moderate
Bomdila,27.2645,92.4159,1.28,62.11,40.25,20,Moderate
Bomdila,27.2645,92.4159,2.19,80.52,38.67,16,Moderate
Bomdila,27.2645,92.4159,0.35,62.64,37.26,19,Low
Bomdila,27.2645,92.4159,1.07,73.81,43.09,20,Moderate
Bomdila,27.2645,92.4159,0.49,59.64,40.43,19,Low
Bomdila,27.2645,92.4159,1.84,59.8,32.92,17,Low
Bomdila,27.2645,92.4159,0.1,76.34,37.92,25,Moderate
Bomdila,27.2645,92.4159,0.39,68.16,37.58,11,Low
Bomdila,27.2645,92.4159,1.53,64.58,32.35,21,Low
Bomdila,27.2645,92.4159,2.96,86.24,39.89,20,Moderate
Bomdila,27.2645,92.4159,0.33,79.1,33.54,23,Moderate
Bomdila,27.2645,92.4159,0.29,84.14,34.83,14,Moderate
Bomdila,27.2645,92.4159,1.32,63.46,37.7,30,Moderate
Bomdila,27.2645,92.4159,0.16,70.39,37.7,26,Moderate
Bomdila,27.2645,92.4159,0.14,84.06,40.93,19,Moderate
Bomdila,27.2645,92.4159,2.05,62.87,34.92,16,Low
Bomdila,27.2645,92.4159,1.73,75.01,36.19,25,Moderate
Bomdila,27.2645,92.4159,0.55,67.85,34.97,25,Moderate
Wokha,26.0997,94.265,0.3,70.43,26.44,15,Low
Wokha,26.0997,94.265,0.92,61.1,29.35,8,Low
Wokha,26.0997,94.265,0.31,71.54,28.21,15,Low
Wokha,26.0997,94.265,0.13,60.43,29.46,20,Low
Wokha,26.0997,94.265,2.36,72.0,28.59,12,Low
Wokha,26.0997,94.265,0.2,68.41,32.77,9,Low
Wokha,26.0997,94.265,0.45,61.09,25.18,18,Low
Wokha,26.0997,94.265,0.74,75.99,30.59,9,Low
Wokha,26.0997,94.265,0.69,73.64,25.81,23,Low
Wokha,26.0997,94.265,0.42,54.05,32.42,11,Low
Wokha,26.0997,94.265,0.34,59.09,30.36,14,Low
Wokha,26.0997,94.265,0.87,65.61,30.75,16,Low
Wokha,26.0997,94.265,0.1,61.93,38.68,12,Low
Wokha,26.0997,94.265,0.96,35.95,33.54,6,Low
Wokha,26.0997,94.265,0.14,53.0,31.36,13,Low
Wokha,26.0997,94.265,1.21,72.84,22.49,9,Low
Wokha,26.0997,94.265,0.9,58.43,22.96,15,Low
Wokha,26.0997,94.265,1.09,55.04,30.61,13,Low
Wokha,26.0997,94.265,2.96,71.29,29.74,10,Low
Wokha,26.0997,94.265,0.24,67.02,29.46,17,Low
Wokha,26.0997,94.265,0.1,67.53,33.43,17,Low
Wokha,26.0997,94.265,0.6,61.97,26.11,13,Low
Wokha,26.0997,94.265,0.14,82.61,22.64,9,Low
Wokha,26.0997,94.265,0.87,60.43,29.04,12,Low
Wokha,26.0997,94.265,4.65,77.31,29.71,21,Moderate
Wokha,26.0997,94.265,0.16,53.85,23.8,12,Low
Wokha,26.0997,94.265,0.03,67.18,28.94,17,Low
Wokha,26.0997,94.265,0.12,55.02,30.13,12,Low
Wokha,26.0997,94.265,1.44,56.9,34.96,12,Low
Wokha,26.0997,94.265,0.38,73.28,33.53,12,Low
Wokha,26.0997,94.265,0.77,69.14,27.28,10,Low
Wokha,26.0997,94.265,1.03,63.81,31.61,9,Low
Wokha,26.0997,94.265,0.23,43.0,30.64,11,Low
Wokha,26.0997,94.265,1.83,47.61,24.03,16,Low
Wokha,26.0997,94.265,8.38,61.87,31.12,18,Low
Wokha,26.0997,94.265,0.89,67.45,27.08,15,Low
Wokha,26.0997,94.265,3.35,68.4,25.21,13,Low
Wokha,26.0997,94.265,1.99,64.15,28.74,8,Low
Wokha,26.0997,94.265,6.64,72.51,23.71,14,Low
Wokha,26.0997,94.265,0.68,83.39,31.25,13,Moderate
Wokha,26.0997,94.265,0.81,70.49,31.31,14,Low
Wokha,26.0997,94.265,0.88,79.98,29.36,15,Low
Wokha,26.0997,94.265,0.0,83.14,33.62,11,Moderate
Wokha,26.0997,94.265,2.42,62.65,30.26,16,Low
Wokha,26.0997,94.265,2.49,66.0,31.07,15,Low
Wokha,26.0997,94.265,4.25,60.13,27.72,12,Low
Wokha,26.0997,94.265,3.22,71.7,29.25,24,Low
Wokha,26.0997,94.265,5.76,65.05,22.71,20,Low
Wokha,26.0997,94.265,2.92,70.48,30.37,18,Low
Wokha,26.0997,94.265,4.58,63.26,30.02,9,Low
Wokha,26.0997,94.265,3.44,76.97,35.25,17,Moderate
Wokha,26.0997,94.265,11.8,67.23,21.52,11,Low
Wokha,26.0997,94.265,0.51,75.08,33.2,14,Low
Wokha,26.0997,94.265,2.07,79.41,27.35,9,Low
Wokha,26.0997,94.265,3.8,73.24,30.98,12,Low
Wokha,26.0997,94.265,13.1,75.4,28.37,10,Low
Wokha,26.0997,94.265,7.39,80.91,26.41,14,Low
Wokha,26.0997,94.265,2.53,52.09,28.97,16,Low
Wokha,26.0997,94.265,15.44,70.55,33.53,10,Moderate
Wokha,26.0997,94.265,1.6,73.51,28.0,12,Low
Wokha,26.0997,94.265,4.35,66.23,31.03,13,Low
Wokha,26.0997,94.265,2.1,60.72,30.65,19,Low
Wokha,26.0997,94.265,0.1,64.0,26.94,17,Low
Wokha,26.0997,94.265,1.89,67.77,31.34,16,Low
Wokha,26.0997,94.265,10.12,77.28,33.21,17,Moderate
Wokha,26.0997,94.265,10.32,87.44,30.49,17,Moderate
Wokha,26.0997,94.265,5.45,60.78,32.65,18,Low
Wokha,26.0997,94.265,19.59,65.71,31.38,11,Low
Wokha,26.0997,94.265,7.92,66.61,33.79,19,Moderate
Wokha,26.0997,94.265,11.79,80.63,33.47,11,Moderate
Wokha,26.0997,94.265,10.67,72.24,28.09,10,Low
Wokha,26.0997,94.265,1.04,58.85,31.01,15,Low
Wokha,26.0997,94.265,10.07,64.14,29.72,18,Low
Wokha,26.0997,94.265,3.75,74.92,33.37,11,Low
Wokha,26.0997,94.265,0.96,63.49,34.64,16,Low
Wokha,26.0997,94.265,0.06,89.34,28.01,23,Moderate
Wokha,26.0997,94.265,15.83,81.38,23.88,18,Moderate
Wokha,26.0997,94.265,1.84,85.97,33.22,16,Moderate
Wokha,26.0997,94.265,6.73,69.5,23.91,14,Low
Wokha,26.0997,94.265,7.28,73.42,30.81,11,Low
Wokha,26.0997,94.265,4.13,64.16,28.05,18,Low
Wokha,26.0997,94.265,3.67,84.14,25.14,18,Moderate
Wokha,26.0997,94.265,51.37,69.05,31.27,12,Moderate
Wokha,26.0997,94.265,24.42,76.14,34.22,14,Moderate
Wokha,26.0997,94.265,0.33,75.53,33.57,17,Moderate
Wokha,26.0997,94.265,4.15,94.26,30.07,16,Moderate
Wokha,26.0997,94.265,12.24,98.0,27.63,13,Moderate
Wokha,26.0997,94.265,1.94,77.21,34.14,14,Moderate
Wokha,26.0997,94.265,2.76,95.46,30.82,14,Moderate
Wokha,26.0997,94.265,5.2,77.28,31.34,18,Moderate
Wokha,26.0997,94.265,34.4,96.72,32.53,19,Moderate
Wokha,26.0997,94.265,14.99,83.48,36.51,14,Moderate
Wokha,26.0997,94.265,10.64,74.6,28.73,13,Low
Wokha,26.0997,94.265,9.04,71.78,24.0,20,Low
Wokha,26.0997,94.265,23.58,97.47,33.29,17,Moderate
Wokha,26.0997,94.265,7.67,81.66,31.56,14,Moderate
Wokha,26.0997,94.265,9.13,76.31,29.1,16,Moderate
Wokha,26.0997,94.265,1.97,72.54,25.82,13,Low
Wokha,26.0997,94.265,13.51,98.0,27.6,14,Moderate
Wokha,26.0997,94.265,21.54,73.16,33.22,15,Moderate
Wokha,26.0997,94.265,6.27,98.0,29.42,15,Moderate
Wokha,26.0997,94.265,1.48,78.87,27.92,13,Low
Wokha,26.0997,94.265,6.58,78.07,33.07,20,Moderate
Wokha,26.0997,94.265,3.38,76.9,31.4,10,Low
Wokha,26.0997,94.265,49.03,91.41,31.9,19,Moderate
Wokha,26.0997,94.265,33.8,88.85,25.78,6,Moderate
Wokha,26.0997,94.265,21.75,83.72,30.4,12,Moderate
Wokha,26.0997,94.265,32.92,98.0,30.52,13,Moderate
Wokha,26.0997,94.265,28.64,85.17,24.8,17,Moderate
Wokha,26.0997,94.265,43.45,85.19,33.26,10,Moderate
Wokha,26.0997,94.265,52.91,87.63,29.25,6,Moderate
Wokha,26.0997,94.265,24.45,95.44,23.86,15,Moderate
Wokha,26.0997,94.265,0.0,98.0,30.17,13,Moderate
Wokha,26.0997,94.265,8.07,96.22,27.9,16,Moderate
Wokha,26.0997,94.265,25.97,87.6,31.59,20,Moderate
Wokha,26.0997,94.265,33.83,95.81,33.27,10,Moderate
Wokha,26.0997,94.265,5.21,98.0,34.88,16,Moderate
Wokha,26.0997,94.265,1.09,76.71,25.86,12,Low
Wokha,26.0997,94.265,4.95,89.69,29.47,12,Moderate
Wokha,26.0997,94.265,8.26,93.37,29.83,14,Moderate
Wokha,26.0997,94.265,93.52,98.0,32.16,10,High
Wokha,26.0997,94.265,6.13,79.91,20.84,17,Low
Wokha,26.0997,94.265,7.35,90.89,22.96,12,Moderate
Wokha,26.0997,94.265,10.96,82.77,34.28,10,Moderate
Wokha,26.0997,94.265,10.27,84.48,26.17,9,Moderate
Wokha,26.0997,94.265,24.28,83.05,26.26,12,Moderate
Wokha,26.0997,94.265,4.16,85.78,30.14,19,Moderate
Wokha,26.0997,94.265,17.18,80.33,32.48,17,Moderate
Wokha,26.0997,94.265,0.97,82.19,29.81,20,Moderate
Wokha,26.0997,94.265,3.44,98.0,32.47,13,Moderate
Wokha,26.0997,94.265,10.15,71.96,26.16,13,Low
Wokha,26.0997,94.265,0.52,84.68,27.36,13,Low
Wokha,26.0997,94.265,0.19,81.55,31.01,19,Moderate
Wokha,26.0997,94.265,1.74,87.7,27.99,16,Moderate
Wokha,26.0997,94.265,2.53,98.0,32.27,19,Moderate
Wokha,26.0997,94.265,10.81,98.0,26.66,17,Moderate
Wokha,26.0997,94.265,5.83,81.85,27.76,20,Moderate
Wokha,26.0997,94.265,2.68,57.72,24.21,9,Low
Wokha,26.0997,94.265,8.89,88.33,29.86,9,Moderate
Wokha,26.0997,94.265,2.28,74.4,29.81,10,Low
Wokha,26.0997,94.265,1.64,63.89,25.94,17,Low
Wokha,26.0997,94.265,0.99,93.42,31.87,15,Moderate
Wokha,26.0997,94.265,0.83,77.81,27.76,12,Low
Wokha,26.0997,94.265,0.11,72.06,31.7,18,Low
Wokha,26.0997,94.265,3.33,94.02,30.91,14,Moderate
Wokha,26.0997,94.265,0.35,86.49,31.16,19,Moderate
Wokha,26.0997,94.265,6.85,46.52,26.85,14,Low
Wokha,26.0997,94.265,6.37,87.16,29.87,15,Moderate
Wokha,26.0997,94.265,6.41,91.08,26.13,12,Moderate
Wokha,26.0997,94.265,0.18,79.1,28.1,19,Low
Wokha,26.0997,94.265,0.36,81.47,31.0,20,Moderate
Wokha,26.0997,94.265,1.83,91.33,33.25,19,Moderate
Wokha,26.0997,94.265,2.83,75.43,31.88,6,Low
Wokha,26.0997,94.265,7.89,78.16,31.01,18,Moderate
Wokha,26.0997,94.265,1.0,60.58,25.06,17,Low
Wokha,26.0997,94.265,2.56,70.17,30.68,12,Low
Wokha,26.0997,94.265,0.65,95.76,28.44,7,Moderate
Wokha,26.0997,94.265,0.87,63.03,32.56,16,Low
Wokha,26.0997,94.265,1.02,68.11,30.17,13,Low
Wokha,26.0997,94.265,13.92,75.94,26.18,11,Low
Wokha,26.0997,94.265,5.82,86.01,27.0,18,Moderate
Wokha,26.0997,94.265,2.6,63.16,29.41,12,Low
Wokha,26.0997,94.265,0.93,65.84,25.38,16,Low
Wokha,26.0997,94.265,0.32,68.66,24.79,10,Low
Wokha,26.0997,94.265,2.8,63.45,35.9,18,Low
Wokha,26.0997,94.265,3.99,69.52,25.64,19,Low
Wokha,26.0997,94.265,5.33,83.49,30.29,20,Moderate
Wokha,26.0997,94.265,8.84,74.51,26.66,8,Low
Wokha,26.0997,94.265,2.12,58.07,35.31,12,Low
Wokha,26.0997,94.265,0.45,55.44,31.02,14,Low
Wokha,26.0997,94.265,1.3,81.22,24.24,10,Low
Wokha,26.0997,94.265,0.31,62.94,32.67,8,Low
Wokha,26.0997,94.265,3.22,66.76,34.68,17,Low
Wokha,26.0997,94.265,8.72,61.76,30.81,8,Low
Wokha,26.0997,94.265,0.33,71.99,28.23,18,Low
Wokha,26.0997,94.265,1.64,67.15,32.64,12,Low
Wokha,26.0997,94.265,2.86,89.71,33.7,10,Moderate
Wokha,26.0997,94.265,0.03,53.79,28.8,12,Low
Wokha,26.0997,94.265,0.38,89.03,30.94,17,Moderate
Wokha,26.0997,94.265,0.13,94.43,23.33,9,Low
Wokha,26.0997,94.265,2.69,47.2,29.48,12,Low
Wokha,26.0997,94.265,2.16,64.53,27.72,21,Low
Wokha,26.0997,94.265,0.78,58.64,30.28,10,Low
Wokha,26.0997,94.265,0.8,55.77,31.17,13,Low
Wokha,26.0997,94.265,1.12,78.24,32.72,7,Low
Wokha,26.0997,94.265,0.19,67.67,27.78,13,Low
Wokha,26.0997,94.265,3.31,68.05,29.65,15,Low
Wokha,26.0997,94.265,1.19,57.3,30.81,14,Low
Wokha,26.0997,94.265,2.45,64.46,33.62,13,Low
Wokha,26.0997,94.265,3.16,79.66,31.55,11,Moderate
Wokha,26.0997,94.265,1.33,65.04,30.27,15,Low
Wokha,26.0997,94.265,5.8,84.33,29.47,8,Moderate
Wokha,26.0997,94.265,2.4,68.7,24.13,13,Low
Wokha,26.0997,94.265,0.82,85.69,31.76,13,Moderate
Wokha,26.0997,94.265,0.66,75.28,31.66,20,Moderate
Wokha,26.0997,94.265,1.26,60.3,27.2,7,Low
Wokha,26.0997,94.265,0.02,81.87,24.68,11,Low
Wokha,26.0997,94.265,1.28,75.95,28.3,19,Low
Wokha,26.0997,94.265,1.37,53.59,30.74,11,Low
Wokha,26.0997,94.265,0.4,62.37,29.86,13,Low
Churachandpur,24.3333,93.6833,0.61,53.63,25.36,14,Low
Churachandpur,24.3333,93.6833,0.77,57.85,35.04,7,Low
Churachandpur,24.3333,93.6833,0.64,67.89,29.56,11,Low
Churachandpur,24.3333,93.6833,1.06,66.53,34.22,8,Low
Churachandpur,24.3333,93.6833,0.92,64.55,26.75,7,Low
Churachandpur,24.3333,93.6833,0.43,61.49,28.03,7,Low
Churachandpur,24.3333,93.6833,0.93,60.43,28.19,14,Low
Churachandpur,24.3333,93.6833,0.13,78.14,26.42,10,Low
Churachandpur,24.3333,93.6833,0.26,41.43,26.23,12,Low
Churachandpur,24.3333,93.6833,0.13,65.27,24.37,17,Low
Churachandpur,24.3333,93.6833,0.85,63.65,23.07,17,Low
Churachandpur,24.3333,93.6833,1.19,53.48,26.93,10,Low
Churachandpur,24.3333,93.6833,0.38,63.14,24.48,16,Low
Churachandpur,24.3333,93.6833,0.01,77.37,34.34,12,Moderate
Churachandpur,24.3333,93.6833,0.43,61.63,24.73,16,Low
Churachandpur,24.3333,93.6833,0.21,50.69,27.47,10,Low
Churachandpur,24.3333,93.6833,0.21,67.04,25.18,13,Low
Churachandpur,24.3333,93.6833,1.89,57.35,31.05,16,Low
Churachandpur,24.3333,93.6833,0.51,45.61,32.23,14,Low
Churachandpur,24.3333,93.6833,1.54,61.25,30.94,11,Low
Churachandpur,24.3333,93.6833,2.68,63.56,29.01,11,Low
Churachandpur,24.3333,93.6833,3.09,50.48,30.36,17,Low
Churachandpur,24.3333,93.6833,0.05,47.87,33.7,9,Low
Churachandpur,24.3333,93.6833,5.49,67.78,28.36,11,Low
Churachandpur,24.3333,93.6833,2.01,58.15,27.08,18,Low
Churachandpur,24.3333,93.6833,0.35,64.63,27.04,15,Low
Churachandpur,24.3333,93.6833,0.58,72.2,28.05,13,Low
Churachandpur,24.3333,93.6833,0.17,59.42,21.62,17,Low
Churachandpur,24.3333,93.6833,2.36,62.62,29.18,18,Low
Churachandpur,24.3333,93.6833,0.34,71.79,32.45,17,Low
Churachandpur,24.3333,93.6833,0.84,77.96,24.71,8,Low
Churachandpur,24.3333,93.6833,0.12,57.68,22.0,17,Low
Churachandpur,24.3333,93.6833,3.34,60.17,21.38,15,Low
Churachandpur,24.3333,93.6833,0.04,70.43,29.45,16,Low
Churachandpur,24.3333,93.6833,5.13,60.45,26.04,13,Low
Churachandpur,24.3333,93.6833,2.33,66.73,28.83,14,Low
Churachandpur,24.3333,93.6833,0.37,60.72,19.94,15,Low
Churachandpur,24.3333,93.6833,0.42,85.8,23.92,19,Low
Churachandpur,24.3333,93.6833,1.56,53.85,23.09,12,Low
Churachandpur,24.3333,93.6833,1.8,74.66,22.33,14,Low
Churachandpur,24.3333,93.6833,0.28,72.34,25.64,13,Low
Churachandpur,24.3333,93.6833,1.77,59.04,31.35,20,Low
Churachandpur,24.3333,93.6833,1.14,46.51,24.26,22,Low
Churachandpur,24.3333,93.6833,16.92,78.97,33.07,16,Moderate
Churachandpur,24.3333,93.6833,0.77,61.63,25.3,11,Low
Churachandpur,24.3333,93.6833,0.31,67.22,22.42,15,Low
Churachandpur,24.3333,93.6833,2.66,51.09,30.13,18,Low
Churachandpur,24.3333,93.6833,0.03,47.81,30.85,13,Low
Churachandpur,24.3333,93.6833,4.91,59.88,32.62,11,Low
Churachandpur,24.3333,93.6833,0.6,62.88,23.02,7,Low
Churachandpur,24.3333,93.6833,1.95,78.9,32.37,15,Moderate
Churachandpur,24.3333,93.6833,10.03,66.08,27.57,10,Low
Churachandpur,24.3333,93.6833,4.51,59.83,26.57,16,Low
Churachandpur,24.3333,93.6833,2.33,68.36,29.96,13,Low
Churachandpur,24.3333,93.6833,1.07,69.32,26.95,10,Low
Churachandpur,24.3333,93.6833,0.04,74.37,33.74,16,Moderate
Churachandpur,24.3333,93.6833,3.44,51.52,24.05,17,Low
Churachandpur,24.3333,93.6833,3.17,65.55,26.17,18,Low
Churachandpur,24.3333,93.6833,0.38,47.74,31.16,9,Low
Churachandpur,24.3333,93.6833,1.03,91.6,27.95,9,Moderate
Churachandpur,24.3333,93.6833,1.35,69.22,23.83,11,Low
Churachandpur,24.3333,93.6833,0.1,77.22,27.18,9,Low
Churachandpur,24.3333,93.6833,10.31,58.77,30.83,10,Low
Churachandpur,24.3333,93.6833,6.8,52.97,32.15,16,Low
Churachandpur,24.3333,93.6833,12.69,85.65,32.95,8,Moderate
Churachandpur,24.3333,93.6833,7.85,82.38,24.64,12,Low
Churachandpur,24.3333,93.6833,3.92,75.63,24.39,11,Low
Churachandpur,24.3333,93.6833,1.67,67.96,23.72,14,Low
Churachandpur,24.3333,93.6833,0.15,58.22,26.25,7,Low
Churachandpur,24.3333,93.6833,1.0,56.59,27.33,14,Low
Churachandpur,24.3333,93.6833,0.01,59.58,27.05,14,Low
Churachandpur,24.3333,93.6833,33.1,64.06,26.71,22,Moderate
Churachandpur,24.3333,93.6833,2.1,64.56,28.52,16,Low
Churachandpur,24.3333,93.6833,1.25,61.93,32.3,13,Low
Churachandpur,24.3333,93.6833,13.88,67.33,29.58,14,Low
Churachandpur,24.3333,93.6833,1.19,55.94,24.04,11,Low
Churachandpur,24.3333,93.6833,1.39,72.51,28.94,17,Low
Churachandpur,24.3333,93.6833,3.81,79.18,33.29,8,Moderate
Churachandpur,24.3333,93.6833,0.94,73.18,32.54,19,Moderate
Churachandpur,24.3333,93.6833,1.0,67.46,25.42,15,Low
Churachandpur,24.3333,93.6833,14.79,60.31,20.51,15,Low
Churachandpur,24.3333,93.6833,7.28,69.45,30.5,17,Low
Churachandpur,24.3333,93.6833,0.01,79.06,25.51,12,Low
Churachandpur,24.3333,93.6833,6.55,70.06,25.96,17,Low
Churachandpur,24.3333,93.6833,1.75,69.08,24.32,14,Low
Churachandpur,24.3333,93.6833,1.77,92.67,26.92,13,Moderate
Churachandpur,24.3333,93.6833,1.76,77.68,27.43,16,Low
Churachandpur,24.3333,93.6833,2.78,69.68,30.67,16,Low
Churachandpur,24.3333,93.6833,17.48,76.15,30.72,8,Moderate
Churachandpur,24.3333,93.6833,1.35,69.71,27.25,13,Low
Churachandpur,24.3333,93.6833,2.34,94.9,30.15,7,Moderate
Churachandpur,24.3333,93.6833,6.88,83.83,29.95,8,Moderate
Churachandpur,24.3333,93.6833,2.72,59.81,30.03,18,Low
Churachandpur,24.3333,93.6833,2.1,60.52,27.0,11,Low
Churachandpur,24.3333,93.6833,7.06,68.54,24.41,9,Low
Churachandpur,24.3333,93.6833,32.89,85.91,31.36,7,Moderate
Churachandpur,24.3333,93.6833,0.83,67.73,24.06,10,Low
Churachandpur,24.3333,93.6833,0.32,70.4,27.36,14,Low
Churachandpur,24.3333,93.6833,3.92,76.67,28.75,16,Low
Churachandpur,24.3333,93.6833,6.94,88.5,27.58,10,Moderate
Churachandpur,24.3333,93.6833,16.21,82.03,34.43,16,Moderate
Churachandpur,24.3333,93.6833,10.54,83.6,27.14,15,Moderate
Churachandpur,24.3333,93.6833,28.92,90.68,31.67,14,Moderate
Churachandpur,24.3333,93.6833,14.99,68.13,27.36,10,Low
Churachandpur,24.3333,93.6833,8.8,64.79,33.23,15,Low
Churachandpur,24.3333,93.6833,20.95,85.46,27.73,16,Moderate
Churachandpur,24.3333,93.6833,0.0,98.0,26.66,3,Moderate
Churachandpur,24.3333,93.6833,3.49,84.79,26.66,10,Low
Churachandpur,24.3333,93.6833,0.07,83.8,33.55,13,Moderate
Churachandpur,24.3333,93.6833,8.23,77.68,28.03,9,Low
Churachandpur,24.3333,93.6833,2.83,87.43,26.76,16,Moderate
Churachandpur,24.3333,93.6833,7.77,73.89,28.29,13,Low
Churachandpur,24.3333,93.6833,31.45,83.32,30.09,10,Moderate
Churachandpur,24.3333,93.6833,4.53,81.44,29.18,8,Low
Churachandpur,24.3333,93.6833,19.49,77.0,23.4,11,Low
Churachandpur,24.3333,93.6833,9.7,85.3,29.61,15,Moderate
Churachandpur,24.3333,93.6833,20.79,69.06,21.38,11,Low
Churachandpur,24.3333,93.6833,0.25,83.29,25.67,9,Low
Churachandpur,24.3333,93.6833,0.03,92.92,26.88,12,Moderate
Churachandpur,24.3333,93.6833,19.95,83.89,24.14,11,Moderate
Churachandpur,24.3333,93.6833,1.0,77.29,27.97,20,Low
Churachandpur,24.3333,93.6833,22.49,93.58,31.53,12,Moderate
Churachandpur,24.3333,93.6833,13.74,72.1,20.52,17,Low
Churachandpur,24.3333,93.6833,11.75,76.21,22.5,10,Low
Churachandpur,24.3333,93.6833,11.27,98.0,29.26,13,Moderate
Churachandpur,24.3333,93.6833,12.77,72.13,33.37,22,Moderate
Churachandpur,24.3333,93.6833,5.98,77.49,27.03,14,Low
Churachandpur,24.3333,93.6833,1.19,85.77,26.13,11,Low
Churachandpur,24.3333,93.6833,18.59,81.52,30.12,10,Moderate
Churachandpur,24.3333,93.6833,0.24,76.1,25.21,13,Low
Churachandpur,24.3333,93.6833,25.75,85.33,32.31,8,Moderate
Churachandpur,24.3333,93.6833,24.7,98.0,25.61,12,Moderate
Churachandpur,24.3333,93.6833,8.5,93.76,23.91,11,Moderate
Churachandpur,24.3333,93.6833,18.5,81.95,25.05,9,Moderate
Churachandpur,24.3333,93.6833,12.42,70.1,27.58,19,Low
Churachandpur,24.3333,93.6833,7.85,91.77,34.41,9,Moderate
Churachandpur,24.3333,93.6833,0.0,66.77,28.71,13,Low
Churachandpur,24.3333,93.6833,0.0,77.73,26.78,14,Low
Churachandpur,24.3333,93.6833,0.0,57.22,25.08,17,Low
Churachandpur,24.3333,93.6833,26.53,89.38,27.09,15,Moderate
Churachandpur,24.3333,93.6833,2.97,66.28,32.51,11,Low
Churachandpur,24.3333,93.6833,0.0,70.05,33.69,7,Low
Churachandpur,24.3333,93.6833,12.32,73.99,32.64,13,Moderate
Churachandpur,24.3333,93.6833,0.0,52.44,32.69,16,Low
Churachandpur,24.3333,93.6833,0.0,83.08,30.99,20,Moderate
Churachandpur,24.3333,93.6833,0.0,69.9,26.34,17,Low
Churachandpur,24.3333,93.6833,0.0,71.16,24.55,17,Low
Churachandpur,24.3333,93.6833,0.64,82.66,32.65,14,Moderate
Churachandpur,24.3333,93.6833,4.12,85.77,20.89,9,Low
Churachandpur,24.3333,93.6833,0.0,80.58,24.85,15,Low
Churachandpur,24.3333,93.6833,0.0,56.37,22.03,11,Low
Churachandpur,24.3333,93.6833,16.27,75.3,29.46,15,Moderate
Churachandpur,24.3333,93.6833,4.62,52.22,26.98,10,Low
Churachandpur,24.3333,93.6833,5.96,55.04,25.31,10,Low
Churachandpur,24.3333,93.6833,10.89,61.3,26.08,8,Low
Churachandpur,24.3333,93.6833,2.78,78.58,33.29,17,Moderate
Churachandpur,24.3333,93.6833,0.63,58.68,26.14,15,Low
Churachandpur,24.3333,93.6833,1.81,65.44,22.45,18,Low
Churachandpur,24.3333,93.6833,0.52,70.82,27.05,9,Low
Churachandpur,24.3333,93.6833,2.9,78.09,24.56,23,Low
Churachandpur,24.3333,93.6833,3.12,78.75,23.84,11,Low
Churachandpur,24.3333,93.6833,1.75,86.87,25.11,7,Low
Churachandpur,24.3333,93.6833,19.1,79.12,29.16,15,Moderate
Churachandpur,24.3333,93.6833,1.7,52.36,28.34,9,Low
Churachandpur,24.3333,93.6833,4.42,80.43,23.33,13,Low
Churachandpur,24.3333,93.6833,8.03,74.48,27.18,17,Low
Churachandpur,24.3333,93.6833,0.94,54.82,24.44,13,Low
Churachandpur,24.3333,93.6833,0.79,67.09,26.48,11,Low
Churachandpur,24.3333,93.6833,3.73,55.37,29.66,15,Low
Churachandpur,24.3333,93.6833,11.69,81.5,28.8,12,Moderate
Churachandpur,24.3333,93.6833,0.28,75.19,23.97,21,Low
Churachandpur,24.3333,93.6833,4.83,54.61,28.82,12,Low
Churachandpur,24.3333,93.6833,0.62,52.58,26.65,11,Low
Churachandpur,24.3333,93.6833,0.05,65.17,25.13,13,Low
Churachandpur,24.3333,93.6833,0.0,66.91,27.5,25,Low
Churachandpur,24.3333,93.6833,0.02,69.25,27.61,15,Low
Churachandpur,24.3333,93.6833,0.58,85.38,27.68,9,Low
Churachandpur,24.3333,93.6833,5.91,71.78,29.11,11,Low
Churachandpur,24.3333,93.6833,0.02,53.37,30.57,18,Low
Churachandpur,24.3333,93.6833,0.84,57.21,25.53,11,Low
Churachandpur,24.3333,93.6833,0.91,74.64,34.35,13,Low
Churachandpur,24.3333,93.6833,0.3,66.91,24.42,10,Low
Churachandpur,24.3333,93.6833,0.37,62.59,35.32,12,Low
Churachandpur,24.3333,93.6833,0.43,60.02,21.7,9,Low
Churachandpur,24.3333,93.6833,1.32,53.42,24.48,14,Low
Churachandpur,24.3333,93.6833,0.28,64.85,32.37,12,Low
Churachandpur,24.3333,93.6833,4.99,65.37,30.98,19,Low
Churachandpur,24.3333,93.6833,0.73,65.48,28.27,14,Low
Churachandpur,24.3333,93.6833,6.55,52.99,25.39,13,Low
Churachandpur,24.3333,93.6833,1.05,43.32,24.37,10,Low
Churachandpur,24.3333,93.6833,0.37,46.66,25.8,21,Low
Churachandpur,24.3333,93.6833,2.05,48.92,27.54,15,Low
Churachandpur,24.3333,93.6833,1.55,61.64,29.47,10,Low
Churachandpur,24.3333,93.6833,0.87,53.63,29.98,9,Low
Churachandpur,24.3333,93.6833,3.22,32.34,30.71,13,Low
Churachandpur,24.3333,93.6833,0.53,67.29,23.35,12,Low
Churachandpur,24.3333,93.6833,0.16,77.56,21.78,22,Low
Churachandpur,24.3333,93.6833,1.54,67.4,33.63,7,Low
Churachandpur,24.3333,93.6833,0.31,62.9,23.83,15,Low
Churachandpur,24.3333,93.6833,10.81,57.27,24.14,16,Low
Agartala,23.8315,91.2868,0.51,47.31,8.81,5,Low
Agartala,23.8315,91.2868,0.59,48.06,9.77,4,Low
Agartala,23.8315,91.2868,0.16,49.18,11.28,10,Low
Agartala,23.8315,91.2868,0.87,41.46,8.34,5,Low
Agartala,23.8315,91.2868,0.29,47.45,10.89,6,Low
Agartala,23.8315,91.2868,0.03,46.46,11.48,4,Low
Agartala,23.8315,91.2868,1.45,45.34,8.99,3,Low
Agartala,23.8315,91.2868,0.04,45.04,11.3,7,Low
Agartala,23.8315,91.2868,1.09,38.27,9.55,3,Low
Agartala,23.8315,91.2868,0.33,58.02,10.43,6,Low
Agartala,23.8315,91.2868,0.59,34.91,5.65,4,Low
Agartala,23.8315,91.2868,0.7,46.83,16.59,6,Low
Agartala,23.8315,91.2868,0.4,52.02,6.94,6,Low
Agartala,23.8315,91.2868,0.17,49.49,14.64,8,Low
Agartala,23.8315,91.2868,0.17,72.71,14.31,5,Low
Agartala,23.8315,91.2868,0.06,46.4,11.57,7,Low
Agartala,23.8315,91.2868,0.59,43.83,10.15,5,Low
Agartala,23.8315,91.2868,0.08,52.51,5.0,4,Low
Agartala,23.8315,91.2868,3.6,42.83,11.78,3,Low
Agartala,23.8315,91.2868,1.87,62.09,16.15,6,Low
Agartala,23.8315,91.2868,2.52,42.91,14.36,10,Low
Agartala,23.8315,91.2868,0.02,45.51,14.0,6,Low
Agartala,23.8315,91.2868,0.08,61.36,14.36,3,Low
Agartala,23.8315,91.2868,0.33,34.21,5.18,7,Low
Agartala,23.8315,91.2868,0.64,45.29,6.64,1,Low
Agartala,23.8315,91.2868,2.31,57.28,10.57,6,Low
Agartala,23.8315,91.2868,3.6,35.4,7.81,5,Low
Agartala,23.8315,91.2868,6.94,35.42,16.01,2,Low
Agartala,23.8315,91.2868,1.83,54.9,10.85,5,Low
Agartala,23.8315,91.2868,1.16,52.99,12.74,3,Low
Agartala,23.8315,91.2868,2.03,48.21,13.63,7,Low
Agartala,23.8315,91.2868,0.28,50.63,5.0,5,Low
Agartala,23.8315,91.2868,0.08,49.81,5.0,3,Low
Agartala,23.8315,91.2868,0.4,65.52,9.99,10,Low
Agartala,23.8315,91.2868,3.08,45.23,21.11,1,Low
Agartala,23.8315,91.2868,0.18,56.18,15.27,5,Low
Agartala,23.8315,91.2868,2.76,40.02,7.36,7,Low
Agartala,23.8315,91.2868,4.41,58.42,11.43,4,Low
Agartala,23.8315,91.2868,2.73,35.09,9.94,6,Low
Agartala,23.8315,91.2868,9.05,52.95,11.02,5,Low
Agartala,23.8315,91.2868,4.6,54.47,11.26,6,Low
Agartala,23.8315,91.2868,0.27,48.0,14.36,2,Low
Agartala,23.8315,91.2868,2.6,47.87,7.84,5,Low
Agartala,23.8315,91.2868,1.73,56.26,10.19,5,Low
Agartala,23.8315,91.2868,0.23,48.0,8.55,5,Low
Agartala,23.8315,91.2868,1.43,41.23,10.52,9,Low
Agartala,23.8315,91.2868,11.58,45.21,7.44,6,Low
Agartala,23.8315,91.2868,1.25,54.31,11.31,4,Low
Agartala,23.8315,91.2868,2.93,55.59,16.84,8,Low
Agartala,23.8315,91.2868,2.21,47.45,12.77,2,Low
Agartala,23.8315,91.2868,3.69,54.1,13.93,7,Low
Agartala,23.8315,91.2868,2.01,39.67,8.46,3,Low
Agartala,23.8315,91.2868,4.43,45.52,9.09,10,Low
Agartala,23.8315,91.2868,2.96,57.54,10.87,6,Low
Agartala,23.8315,91.2868,2.5,47.17,15.5,5,Low
Agartala,23.8315,91.2868,0.81,47.0,9.89,5,Low
Agartala,23.8315,91.2868,0.76,50.94,7.86,4,Low
Agartala,23.8315,91.2868,2.21,43.03,8.87,7,Low
Agartala,23.8315,91.2868,0.09,72.23,15.24,3,Low
Agartala,23.8315,91.2868,0.84,55.37,5.46,4,Low
Agartala,23.8315,91.2868,0.12,57.1,5.84,3,Low
Agartala,23.8315,91.2868,2.74,53.73,16.43,8,Low
Agartala,23.8315,91.2868,1.86,56.67,11.57,5,Low
Agartala,23.8315,91.2868,44.15,52.04,11.25,3,Low
Agartala,23.8315,91.2868,2.72,46.24,10.66,5,Low
Agartala,23.8315,91.2868,27.86,67.03,10.41,7,Low
Agartala,23.8315,91.2868,0.33,73.27,13.32,7,Low
Agartala,23.8315,91.2868,2.8,52.18,12.28,3,Low
Agartala,23.8315,91.2868,7.63,49.68,14.77,2,Low
Agartala,23.8315,91.2868,4.0,48.73,13.74,6,Low
Agartala,23.8315,91.2868,0.02,56.09,7.5,5,Low
Agartala,23.8315,91.2868,0.63,45.04,10.76,2,Low
Agartala,23.8315,91.2868,10.96,53.79,5.0,3,Low
Agartala,23.8315,91.2868,0.07,71.72,13.12,4,Low
Agartala,23.8315,91.2868,3.7,41.9,11.35,5,Low
Agartala,23.8315,91.2868,0.39,53.66,9.03,3,Low
Agartala,23.8315,91.2868,3.05,63.19,9.28,7,Low
Agartala,23.8315,91.2868,9.87,56.01,10.33,2,Low
Agartala,23.8315,91.2868,0.52,61.51,13.07,5,Low
Agartala,23.8315,91.2868,9.42,52.9,8.35,6,Low
Agartala,23.8315,91.2868,18.3,63.48,5.0,9,Low
Agartala,23.8315,91.2868,2.98,55.96,10.01,5,Low
Agartala,23.8315,91.2868,10.61,63.59,12.43,7,Low
Agartala,23.8315,91.2868,6.37,60.67,8.93,3,Low
Agartala,23.8315,91.2868,0.62,47.09,5.0,6,Low
Agartala,23.8315,91.2868,0.55,76.94,11.36,10,Low
Agartala,23.8315,91.2868,11.85,74.54,19.71,5,Low
Agartala,23.8315,91.2868,3.1,68.59,12.74,5,Low
Agartala,23.8315,91.2868,2.52,75.53,11.78,4,Low
Agartala,23.8315,91.2868,23.32,41.61,12.23,4,Low
Agartala,23.8315,91.2868,1.29,59.75,13.79,8,Low
Agartala,23.8315,91.2868,18.55,78.47,10.72,4,Low
Agartala,23.8315,91.2868,3.52,53.47,10.56,5,Low
Agartala,23.8315,91.2868,11.57,67.37,11.19,5,Low
Agartala,23.8315,91.2868,0.3,67.17,16.51,7,Low
Agartala,23.8315,91.2868,2.72,53.06,5.69,4,Low
Agartala,23.8315,91.2868,2.02,60.25,16.49,6,Low
Agartala,23.8315,91.2868,0.06,53.99,14.91,0,Low
Agartala,23.8315,91.2868,28.31,51.42,14.54,5,Low
Agartala,23.8315,91.2868,0.01,67.88,13.08,2,Low
Agartala,23.8315,91.2868,3.38,73.39,11.83,7,Low
Agartala,23.8315,91.2868,29.83,59.48,14.23,3,Low
Agartala,23.8315,91.2868,15.24,50.32,10.05,4,Low
Agartala,23.8315,91.2868,4.09,81.43,6.14,5,Low
Agartala,23.8315,91.2868,8.73,86.9,12.45,0,Low
Agartala,23.8315,91.2868,2.54,61.32,12.01,0,Low
Agartala,23.8315,91.2868,7.68,82.89,12.98,4,Low
Agartala,23.8315,91.2868,0.67,64.56,13.08,2,Low
Agartala,23.8315,91.2868,6.01,54.31,15.33,10,Low
Agartala,23.8315,91.2868,0.17,72.71,6.57,4,Low
Agartala,23.8315,91.2868,9.09,66.9,15.65,5,Low
Agartala,23.8315,91.2868,2.71,85.67,5.73,4,Low
Agartala,23.8315,91.2868,2.11,71.42,17.28,5,Low
Agartala,23.8315,91.2868,0.06,70.95,12.51,3,Low
Agartala,23.8315,91.2868,1.31,74.39,6.26,4,Low
Agartala,23.8315,91.2868,2.04,76.82,8.4,5,Low
Agartala,23.8315,91.2868,0.03,58.95,10.93,6,Low
Agartala,23.8315,91.2868,57.72,67.22,9.59,5,Low
Agartala,23.8315,91.2868,10.87,64.33,12.77,5,Low
Agartala,23.8315,91.2868,1.04,55.13,12.89,7,Low
Agartala,23.8315,91.2868,6.63,57.4,10.0,4,Low
Agartala,23.8315,91.2868,8.27,67.59,10.2,4,Low
Agartala,23.8315,91.2868,8.97,84.01,11.12,1,Low
Agartala,23.8315,91.2868,3.86,62.35,15.44,9,Low
Agartala,23.8315,91.2868,1.95,64.91,16.92,5,Low
Agartala,23.8315,91.2868,3.44,64.71,9.03,4,Low
Agartala,23.8315,91.2868,3.67,72.26,14.02,2,Low
Agartala,23.8315,91.2868,10.89,61.27,11.56,5,Low
Agartala,23.8315,91.2868,12.26,52.97,14.75,4,Low
Agartala,23.8315,91.2868,9.93,77.87,13.69,5,Low
Agartala,23.8315,91.2868,8.2,78.22,14.31,4,Low
Agartala,23.8315,91.2868,5.8,48.22,9.43,2,Low
Agartala,23.8315,91.2868,25.18,61.23,8.18,2,Low
Agartala,23.8315,91.2868,9.51,60.55,12.82,3,Low
Agartala,23.8315,91.2868,1.39,71.31,17.97,11,Low
Agartala,23.8315,91.2868,0.89,69.68,11.36,4,Low
Agartala,23.8315,91.2868,2.54,56.88,7.54,6,Low
Agartala,23.8315,91.2868,1.48,46.26,5.0,6,Low
Agartala,23.8315,91.2868,1.11,45.67,13.42,9,Low
Agartala,23.8315,91.2868,0.24,59.32,10.82,10,Low
Agartala,23.8315,91.2868,0.0,53.16,17.54,10,Low
Agartala,23.8315,91.2868,1.72,63.83,12.92,7,Low
Agartala,23.8315,91.2868,10.73,34.74,22.55,4,Low
Agartala,23.8315,91.2868,20.04,64.03,14.04,6,Low
Agartala,23.8315,91.2868,10.8,41.72,10.02,5,Low
Agartala,23.8315,91.2868,1.73,66.92,12.91,6,Low
Agartala,23.8315,91.2868,0.0,60.81,11.02,5,Low
Agartala,23.8315,91.2868,0.0,71.66,10.99,4,Low
Agartala,23.8315,91.2868,10.01,65.5,5.0,4,Low
Agartala,23.8315,91.2868,11.05,76.11,14.21,7,Low
Agartala,23.8315,91.2868,1.49,63.74,5.0,5,Low
Agartala,23.8315,91.2868,0.0,56.58,16.26,5,Low
Agartala,23.8315,91.2868,5.85,60.39,15.33,4,Low
Agartala,23.8315,91.2868,0.62,56.61,16.36,5,Low
Agartala,23.8315,91.2868,2.61,72.55,13.57,7,Low
Agartala,23.8315,91.2868,0.16,52.11,9.92,4,Low
Agartala,23.8315,91.2868,1.39,50.16,13.63,5,Low
Agartala,23.8315,91.2868,0.42,63.44,10.01,7,Low
Agartala,23.8315,91.2868,3.65,54.97,14.28,7,Low
Agartala,23.8315,91.2868,3.2,70.88,9.45,9,Low
Agartala,23.8315,91.2868,0.13,70.07,7.86,5,Low
Agartala,23.8315,91.2868,0.01,49.15,17.24,6,Low
Agartala,23.8315,91.2868,1.75,66.1,10.16,11,Low
Agartala,23.8315,91.2868,0.06,45.26,11.35,12,Low
Agartala,23.8315,91.2868,0.02,41.1,19.7,0,Low
Agartala,23.8315,91.2868,0.55,60.14,11.85,5,Low
Agartala,23.8315,91.2868,7.23,33.66,12.12,3,Low
Agartala,23.8315,91.2868,6.19,63.77,10.27,5,Low
Agartala,23.8315,91.2868,6.93,63.36,10.08,8,Low
Agartala,23.8315,91.2868,7.96,51.69,13.27,6,Low
Agartala,23.8315,91.2868,7.33,58.55,12.97,5,Low
Agartala,23.8315,91.2868,0.14,60.7,14.8,3,Low
Agartala,23.8315,91.2868,6.04,67.9,15.33,6,Low
Agartala,23.8315,91.2868,0.87,59.78,9.07,8,Low
Agartala,23.8315,91.2868,0.37,55.54,6.45,5,Low
Agartala,23.8315,91.2868,0.38,47.06,12.18,4,Low
Agartala,23.8315,91.2868,2.41,63.07,16.74,6,Low
Agartala,23.8315,91.2868,0.8,44.05,5.16,5,Low
Agartala,23.8315,91.2868,0.27,64.73,12.67,7,Low
Agartala,23.8315,91.2868,4.2,45.45,7.94,4,Low
Agartala,23.8315,91.2868,0.71,43.97,9.48,8,Low
Agartala,23.8315,91.2868,4.64,47.63,11.44,4,Low
Agartala,23.8315,91.2868,1.1,43.48,9.95,5,Low
Agartala,23.8315,91.2868,1.67,58.67,9.03,3,Low
Agartala,23.8315,91.2868,0.04,38.41,14.94,3,Low
Agartala,23.8315,91.2868,0.48,57.02,13.61,1,Low
Agartala,23.8315,91.2868,2.41,32.99,11.71,5,Low
Agartala,23.8315,91.2868,2.56,52.9,5.0,3,Low
Agartala,23.8315,91.2868,1.98,37.08,12.96,6,Low
Agartala,23.8315,91.2868,0.77,43.8,10.96,5,Low
Agartala,23.8315,91.2868,1.02,45.24,9.43,8,Low
Agartala,23.8315,91.2868,1.97,43.75,13.43,4,Low
Agartala,23.8315,91.2868,0.26,47.39,16.54,2,Low
Agartala,23.8315,91.2868,0.43,50.83,9.72,3,Low
Agartala,23.8315,91.2868,3.83,33.11,10.58,6,Low
Agartala,23.8315,91.2868,2.09,42.08,11.53,6,Low
Agartala,23.8315,91.2868,0.41,37.14,14.06,3,Low
Agartala,23.8315,91.2868,0.0,44.87,16.02,5,Low
Agartala,23.8315,91.2868,0.43,46.22,16.91,7,Low
Agartala,23.8315,91.2868,2.21,54.34,9.77,4,Low
Along,28.1667,94.8,1.07,59.39,33.27,15,Low
Along,28.1667,94.8,0.01,69.58,24.67,10,Low
Along,28.1667,94.8,0.26,54.09,33.46,17,Low
Along,28.1667,94.8,1.93,82.01,32.95,18,Moderate
Along,28.1667,94.8,2.34,74.47,30.36,16,Low
Along,28.1667,94.8,1.55,56.41,32.18,11,Low
Along,28.1667,94.8,0.26,54.98,27.09,14,Low
Along,28.1667,94.8,1.79,85.81,31.91,23,Moderate
Along,28.1667,94.8,1.93,82.19,27.11,22,Moderate
Along,28.1667,94.8,0.51,58.96,37.45,7,Low
Along,28.1667,94.8,2.1,95.53,37.57,17,Moderate
Along,28.1667,94.8,2.01,62.29,31.7,13,Low
Along,28.1667,94.8,2.77,51.8,32.17,15,Low
Along,28.1667,94.8,0.03,63.91,34.96,16,Low
Along,28.1667,94.8,0.26,52.66,32.08,17,Low
Along,28.1667,94.8,1.2,50.39,29.02,12,Low
Along,28.1667,94.8,1.79,58.74,28.27,20,Low
Along,28.1667,94.8,0.75,72.87,26.77,19,Low
Along,28.1667,94.8,2.88,69.28,31.24,13,Low
Along,28.1667,94.8,2.32,64.93,36.88,21,Moderate
Along,28.1667,94.8,0.62,76.85,31.49,18,Moderate
Along,28.1667,94.8,5.47,73.52,20.83,18,Low
Along,28.1667,94.8,0.64,62.62,37.52,21,Low
Along,28.1667,94.8,0.99,69.44,30.51,14,Low
Along,28.1667,94.8,0.05,62.43,29.07,14,Low
Along,28.1667,94.8,1.75,58.06,31.71,19,Low
Along,28.1667,94.8,0.53,74.08,31.17,15,Low
Along,28.1667,94.8,1.75,70.37,32.57,11,Low
Along,28.1667,94.8,0.32,69.98,34.26,22,Moderate
Along,28.1667,94.8,3.52,61.75,32.69,20,Low
Along,28.1667,94.8,0.23,81.5,37.38,16,Moderate
Along,28.1667,94.8,1.33,73.34,33.12,18,Moderate
Along,28.1667,94.8,1.63,84.95,30.81,12,Moderate
Along,28.1667,94.8,2.07,80.16,36.64,17,Moderate
Along,28.1667,94.8,0.59,61.09,31.29,17,Low
Along,28.1667,94.8,3.24,67.88,31.68,14,Low
Along,28.1667,94.8,4.69,87.2,31.38,13,Moderate
Along,28.1667,94.8,0.03,70.15,28.63,14,Low
Along,28.1667,94.8,0.48,77.34,32.12,14,Low
Along,28.1667,94.8,0.95,68.36,29.76,18,Low
Along,28.1667,94.8,0.04,77.33,27.53,24,Low
Along,28.1667,94.8,3.32,67.2,34.09,14,Low
Along,28.1667,94.8,2.28,71.81,33.68,20,Moderate
Along,28.1667,94.8,2.28,84.33,29.78,12,Moderate
Along,28.1667,94.8,5.43,76.22,25.84,20,Low
Along,28.1667,94.8,0.08,74.96,21.72,15,Low
Along,28.1667,94.8,0.35,76.71,28.19,17,Low
Along,28.1667,94.8,0.07,66.11,28.83,10,Low
Along,28.1667,94.8,3.07,69.61,31.85,21,Low
Along,28.1667,94.8,1.99,66.23,31.75,18,Low
Along,28.1667,94.8,1.71,52.44,27.66,19,Low
Along,28.1667,94.8,0.07,60.98,29.49,16,Low
Along,28.1667,94.8,9.15,69.91,23.77,15,Low
Along,28.1667,94.8,5.77,76.17,35.32,15,Moderate
Along,28.1667,94.8,0.77,70.46,37.36,15,Moderate
Along,28.1667,94.8,3.16,75.0,30.99,11,Low
Along,28.1667,94.8,0.45,77.44,32.84,21,Moderate
Along,28.1667,94.8,5.92,71.95,28.9,23,Moderate
Along,28.1667,94.8,0.73,64.39,33.91,19,Low
Along,28.1667,94.8,2.22,67.73,28.65,15,Low
Along,28.1667,94.8,0.24,59.27,35.81,23,Low
Along,28.1667,94.8,0.21,81.59,31.79,13,Moderate
Along,28.1667,94.8,6.85,81.78,29.05,16,Moderate
Along,28.1667,94.8,0.82,67.18,28.85,11,Low
Along,28.1667,94.8,0.01,53.97,27.49,12,Low
Along,28.1667,94.8,1.15,86.2,30.73,16,Moderate
Along,28.1667,94.8,4.45,55.45,32.45,14,Low
Along,28.1667,94.8,0.1,78.72,31.47,16,Moderate
Along,28.1667,94.8,0.01,66.67,30.53,10,Low
Along,28.1667,94.8,19.2,67.47,26.19,20,Low
Along,28.1667,94.8,5.48,79.99,37.58,17,Moderate
Along,28.1667,94.8,2.26,70.67,30.86,16,Low
Along,28.1667,94.8,7.81,72.82,27.43,16,Low
Along,28.1667,94.8,2.42,62.12,28.89,15,Low
Along,28.1667,94.8,17.86,92.45,29.21,15,Moderate
Along,28.1667,94.8,7.17,55.39,27.52,26,Low
Along,28.1667,94.8,10.92,72.58,33.89,11,Moderate
Along,28.1667,94.8,6.65,79.78,32.4,16,Moderate
Along,28.1667,94.8,3.92,63.75,28.77,16,Low
Along,28.1667,94.8,5.26,62.96,33.7,19,Low
Along,28.1667,94.8,0.54,78.37,28.06,17,Low
Along,28.1667,94.8,0.32,72.26,35.86,17,Moderate
Along,28.1667,94.8,1.09,88.54,30.36,20,Moderate
Along,28.1667,94.8,0.87,72.95,34.61,11,Low
Along,28.1667,94.8,6.58,79.05,32.37,12,Moderate
Along,28.1667,94.8,1.3,65.66,30.85,14,Low
Along,28.1667,94.8,7.99,82.58,31.77,18,Moderate
Along,28.1667,94.8,26.24,57.72,31.46,10,Low
Along,28.1667,94.8,7.74,89.55,26.78,12,Moderate
Along,28.1667,94.8,17.92,81.64,33.63,20,Moderate
Along,28.1667,94.8,0.02,91.04,32.97,11,Moderate
Along,28.1667,94.8,1.22,77.06,30.72,16,Low
Along,28.1667,94.8,1.02,79.27,36.66,10,Moderate
Along,28.1667,94.8,1.28,78.69,33.01,15,Moderate
Along,28.1667,94.8,20.48,90.06,27.36,16,Moderate
Along,28.1667,94.8,6.98,60.32,32.84,15,Low
Along,28.1667,94.8,5.31,85.76,33.68,24,Moderate
Along,28.1667,94.8,7.31,79.21,26.73,10,Low
Along,28.1667,94.8,8.15,75.0,25.76,17,Low
Along,28.1667,94.8,1.16,96.6,26.17,18,Moderate
Along,28.1667,94.8,22.2,90.16,26.09,18,Moderate
Along,28.1667,94.8,13.27,71.27,31.75,13,Moderate
Along,28.1667,94.8,10.7,83.77,29.16,19,Moderate
Along,28.1667,94.8,3.04,81.93,32.78,14,Moderate
Along,28.1667,94.8,5.63,98.0,29.64,17,Moderate
Along,28.1667,94.8,3.93,79.73,33.56,14,Moderate
Along,28.1667,94.8,9.18,91.52,31.24,11,Moderate
Along,28.1667,94.8,5.96,98.0,35.86,17,Moderate
Along,28.1667,94.8,18.42,98.0,32.6,17,Moderate
Along,28.1667,94.8,3.2,98.0,34.08,8,Moderate
Along,28.1667,94.8,1.52,98.0,24.93,7,Moderate
Along,28.1667,94.8,12.05,84.46,34.79,18,Moderate
Along,28.1667,94.8,28.79,67.22,38.23,18,Moderate
Along,28.1667,94.8,0.59,83.04,29.62,18,Moderate
Along,28.1667,94.8,3.52,98.0,30.01,11,Moderate
Along,28.1667,94.8,0.99,87.41,32.29,15,Moderate
Along,28.1667,94.8,19.68,98.0,32.37,13,Moderate
Along,28.1667,94.8,15.6,97.99,27.49,14,Moderate
Along,28.1667,94.8,4.39,88.75,30.32,18,Moderate
Along,28.1667,94.8,0.72,92.35,33.35,13,Moderate
Along,28.1667,94.8,15.33,92.2,28.19,21,Moderate
Along,28.1667,94.8,21.66,89.08,28.78,22,Moderate
Along,28.1667,94.8,15.29,88.86,25.88,17,Moderate
Along,28.1667,94.8,1.7,88.7,30.46,18,Moderate
Along,28.1667,94.8,51.77,90.22,35.58,24,Moderate
Along,28.1667,94.8,0.93,70.88,37.98,19,Moderate
Along,28.1667,94.8,3.12,86.19,28.76,14,Moderate
Along,28.1667,94.8,19.6,98.0,26.63,14,Moderate
Along,28.1667,94.8,0.09,76.07,34.38,17,Moderate
Along,28.1667,94.8,4.0,82.33,36.3,19,Moderate
Along,28.1667,94.8,36.16,93.43,27.48,13,Moderate
Along,28.1667,94.8,11.51,77.89,28.81,20,Moderate
Along,28.1667,94.8,8.1,74.92,28.91,13,Low
Along,28.1667,94.8,0.0,86.45,33.33,12,Moderate
Along,28.1667,94.8,9.3,93.07,35.21,15,Moderate
Along,28.1667,94.8,0.09,74.58,38.1,12,Moderate
Along,28.1667,94.8,0.0,88.58,29.68,15,Moderate
Along,28.1667,94.8,11.94,98.0,28.97,16,Moderate
Along,28.1667,94.8,0.0,58.09,31.65,11,Low
Along,28.1667,94.8,0.4,79.78,26.3,22,Low
Along,28.1667,94.8,30.02,88.33,31.01,18,Moderate
Along,28.1667,94.8,15.88,85.75,33.83,16,Moderate
Along,28.1667,94.8,6.23,66.75,27.6,18,Low
Along,28.1667,94.8,2.46,83.12,29.71,18,Moderate
Along,28.1667,94.8,1.56,76.78,33.38,20,Moderate
Along,28.1667,94.8,0.0,61.02,30.36,12,Low
Along,28.1667,94.8,12.77,92.05,36.57,12,Moderate
Along,28.1667,94.8,19.97,80.34,30.7,19,Moderate
Along,28.1667,94.8,2.52,82.8,31.75,20,Moderate
Along,28.1667,94.8,18.65,78.94,30.3,18,Moderate
Along,28.1667,94.8,0.97,80.87,23.37,15,Low
Along,28.1667,94.8,9.79,91.73,32.69,19,Moderate
Along,28.1667,94.8,3.01,56.44,33.76,17,Low
Along,28.1667,94.8,8.34,85.94,31.21,13,Moderate
Along,28.1667,94.8,2.32,54.07,28.56,16,Low
Along,28.1667,94.8,8.22,71.67,35.47,14,Moderate
Along,28.1667,94.8,11.0,69.2,18.35,12,Low
Along,28.1667,94.8,0.03,64.7,31.74,11,Low
Along,28.1667,94.8,0.89,81.81,26.21,20,Low
Along,28.1667,94.8,6.08,66.63,30.55,19,Low
Along,28.1667,94.8,0.19,57.0,34.41,18,Low
Along,28.1667,94.8,1.59,65.34,34.4,18,Low
Along,28.1667,94.8,0.8,77.94,27.41,14,Low
Along,28.1667,94.8,5.05,71.17,30.0,15,Low
Along,28.1667,94.8,24.04,69.58,27.43,23,Moderate
Along,28.1667,94.8,3.47,59.9,32.14,18,Low
Along,28.1667,94.8,0.6,60.25,27.45,15,Low
Along,28.1667,94.8,0.0,68.14,34.12,12,Low
Along,28.1667,94.8,2.44,67.91,27.1,17,Low
Along,28.1667,94.8,11.19,64.57,32.32,19,Low
Along,28.1667,94.8,0.27,58.91,29.86,17,Low
Along,28.1667,94.8,3.85,62.5,34.59,12,Low
Along,28.1667,94.8,0.01,61.28,32.25,10,Low
Along,28.1667,94.8,13.22,88.71,29.13,21,Moderate
Along,28.1667,94.8,6.9,75.87,31.01,8,Low
Along,28.1667,94.8,0.4,76.06,29.66,13,Low
Along,28.1667,94.8,0.19,78.17,28.33,13,Low
Along,28.1667,94.8,1.89,81.5,34.38,17,Moderate
Along,28.1667,94.8,1.13,80.23,34.58,12,Moderate
Along,28.1667,94.8,0.23,83.06,33.03,14,Moderate
Along,28.1667,94.8,7.52,83.41,34.46,18,Moderate
Along,28.1667,94.8,5.49,69.34,30.49,14,Low
Along,28.1667,94.8,3.68,77.61,28.64,19,Moderate
Along,28.1667,94.8,3.37,41.29,27.9,13,Low
Along,28.1667,94.8,0.3,62.55,28.36,21,Low
Along,28.1667,94.8,0.69,81.0,31.1,18,Moderate
Along,28.1667,94.8,0.15,59.05,32.99,22,Low
Along,28.1667,94.8,0.82,74.65,33.6,13,Low
Along,28.1667,94.8,0.02,52.12,31.79,12,Low
Along,28.1667,94.8,0.17,79.36,34.21,13,Moderate
Along,28.1667,94.8,4.9,58.23,28.77,8,Low
Along,28.1667,94.8,0.72,63.26,30.36,23,Low
Along,28.1667,94.8,0.99,69.52,27.3,17,Low
Along,28.1667,94.8,2.0,70.88,33.28,14,Low
Along,28.1667,94.8,1.48,82.83,31.39,26,Moderate
Along,28.1667,94.8,0.82,58.57,30.65,13,Low
Along,28.1667,94.8,1.78,62.67,25.5,17,Low
Along,28.1667,94.8,0.45,65.79,27.57,14,Low
Along,28.1667,94.8,0.6,88.36,26.34,12,Moderate
Along,28.1667,94.8,1.67,73.74,31.0,15,Low
Ziro,27.5833,93.8333,0.24,57.05,28.93,11,Low
Ziro,27.5833,93.8333,1.25,68.41,30.09,10,Low
Ziro,27.5833,93.8333,0.25,67.16,26.9,5,Low
Ziro,27.5833,93.8333,0.68,56.82,26.67,9,Low
Ziro,27.5833,93.8333,0.28,50.52,28.2,13,Low
Ziro,27.5833,93.8333,0.04,40.9,29.88,10,Low
Ziro,27.5833,93.8333,1.6,72.37,25.8,7,Low
Ziro,27.5833,93.8333,0.41,46.7,28.94,11,Low
Ziro,27.5833,93.8333,0.48,47.92,31.33,13,Low
Ziro,27.5833,93.8333,0.53,81.62,28.6,12,Low
Ziro,27.5833,93.8333,2.37,40.63,24.09,10,Low
Ziro,27.5833,93.8333,4.62,63.99,22.19,9,Low
Ziro,27.5833,93.8333,2.38,66.11,25.63,17,Low
Ziro,27.5833,93.8333,0.54,47.36,24.72,17,Low
Ziro,27.5833,93.8333,0.09,69.51,24.35,9,Low
Ziro,27.5833,93.8333,1.09,74.6,20.54,12,Low
Ziro,27.5833,93.8333,1.16,81.85,27.85,8,Low
Ziro,27.5833,93.8333,1.84,56.91,21.65,11,Low
Ziro,27.5833,93.8333,7.33,45.9,23.86,12,Low
Ziro,27.5833,93.8333,0.96,46.09,20.22,12,Low
Ziro,27.5833,93.8333,1.21,54.96,26.28,11,Low
Ziro,27.5833,93.8333,0.05,62.82,22.91,7,Low
Ziro,27.5833,93.8333,1.87,49.44,32.07,11,Low
Ziro,27.5833,93.8333,0.29,56.99,20.95,8,Low
Ziro,27.5833,93.8333,0.17,75.28,23.87,10,Low
Ziro,27.5833,93.8333,2.49,49.79,24.37,17,Low
Ziro,27.5833,93.8333,3.27,65.4,24.19,12,Low
Ziro,27.5833,93.8333,0.88,64.13,16.74,11,Low
Ziro,27.5833,93.8333,0.09,70.29,21.75,6,Low
Ziro,27.5833,93.8333,0.45,53.01,23.07,13,Low
Ziro,27.5833,93.8333,0.02,59.15,20.01,12,Low
Ziro,27.5833,93.8333,12.0,67.1,22.09,8,Low
Ziro,27.5833,93.8333,3.19,67.19,32.29,19,Low
Ziro,27.5833,93.8333,1.23,57.51,26.64,14,Low
Ziro,27.5833,93.8333,0.85,53.93,27.83,9,Low
Ziro,27.5833,93.8333,1.6,58.85,25.6,10,Low
Ziro,27.5833,93.8333,2.62,64.71,27.03,8,Low
Ziro,27.5833,93.8333,5.09,48.2,24.08,7,Low
Ziro,27.5833,93.8333,0.47,62.95,25.54,12,Low
Ziro,27.5833,93.8333,0.07,73.93,29.46,11,Low
Ziro,27.5833,93.8333,0.41,66.01,29.3,15,Low
Ziro,27.5833,93.8333,0.01,49.86,19.95,7,Low
Ziro,27.5833,93.8333,0.57,60.48,25.07,8,Low
Ziro,27.5833,93.8333,1.28,52.4,24.29,9,Low
Ziro,27.5833,93.8333,0.12,77.93,30.46,12,Low
Ziro,27.5833,93.8333,0.21,61.08,23.1,12,Low
Ziro,27.5833,93.8333,0.08,69.65,24.1,3,Low
Ziro,27.5833,93.8333,0.01,67.35,22.2,10,Low
Ziro,27.5833,93.8333,0.41,51.6,26.37,12,Low
Ziro,27.5833,93.8333,0.06,61.65,23.8,7,Low
Ziro,27.5833,93.8333,0.76,74.5,22.56,9,Low
Ziro,27.5833,93.8333,1.38,72.92,27.94,17,Low
Ziro,27.5833,93.8333,3.2,57.25,24.4,10,Low
Ziro,27.5833,93.8333,1.72,63.9,34.78,10,Low
Ziro,27.5833,93.8333,10.52,70.36,28.85,8,Low
Ziro,27.5833,93.8333,0.05,79.03,25.88,15,Low
Ziro,27.5833,93.8333,6.48,65.12,21.6,12,Low
Ziro,27.5833,93.8333,3.22,56.9,31.34,12,Low
Ziro,27.5833,93.8333,0.06,44.05,25.99,9,Low
Ziro,27.5833,93.8333,1.78,63.96,25.91,12,Low
Ziro,27.5833,93.8333,4.93,66.42,22.63,11,Low
Ziro,27.5833,93.8333,4.79,55.5,29.08,7,Low
Ziro,27.5833,93.8333,12.13,70.8,27.42,6,Low
Ziro,27.5833,93.8333,4.97,50.48,26.21,13,Low
Ziro,27.5833,93.8333,2.78,60.89,28.96,11,Low
Ziro,27.5833,93.8333,1.06,59.76,29.56,12,Low
Ziro,27.5833,93.8333,24.88,81.56,24.34,16,Moderate
Ziro,27.5833,93.8333,0.03,63.38,27.59,10,Low
Ziro,27.5833,93.8333,14.45,63.07,23.34,9,Low
Ziro,27.5833,93.8333,0.3,62.31,28.54,8,Low
Ziro,27.5833,93.8333,2.52,78.68,22.91,6,Low
Ziro,27.5833,93.8333,7.16,56.14,25.93,9,Low
Ziro,27.5833,93.8333,0.0,65.92,28.39,14,Low
Ziro,27.5833,93.8333,1.09,70.21,32.82,5,Low
Ziro,27.5833,93.8333,7.88,65.99,21.61,14,Low
Ziro,27.5833,93.8333,0.28,55.68,23.41,13,Low
Ziro,27.5833,93.8333,4.99,84.63,27.47,14,Moderate
Ziro,27.5833,93.8333,10.8,65.47,21.52,5,Low
Ziro,27.5833,93.8333,1.29,59.5,29.46,13,Low
Ziro,27.5833,93.8333,0.74,62.48,17.59,11,Low
Ziro,27.5833,93.8333,21.28,63.3,31.96,11,Low
Ziro,27.5833,93.8333,1.1,63.72,27.74,16,Low
Ziro,27.5833,93.8333,0.28,69.96,28.05,6,Low
Ziro,27.5833,93.8333,2.14,79.68,25.2,11,Low
Ziro,27.5833,93.8333,1.89,63.47,31.89,8,Low
Ziro,27.5833,93.8333,21.08,55.12,30.23,5,Low
Ziro,27.5833,93.8333,1.07,77.68,21.81,16,Low
Ziro,27.5833,93.8333,2.09,64.27,23.59,20,Low
Ziro,27.5833,93.8333,9.64,64.78,30.31,13,Low
Ziro,27.5833,93.8333,26.33,66.6,28.78,12,Moderate
Ziro,27.5833,93.8333,0.67,98.0,21.63,19,Moderate
Ziro,27.5833,93.8333,3.34,67.55,26.59,7,Low
Ziro,27.5833,93.8333,39.79,78.41,31.54,12,Moderate
Ziro,27.5833,93.8333,32.12,87.01,22.58,10,Moderate
Ziro,27.5833,93.8333,0.47,75.57,27.81,9,Low
Ziro,27.5833,93.8333,7.99,70.22,29.82,14,Low
Ziro,27.5833,93.8333,17.12,95.74,24.71,9,Moderate
Ziro,27.5833,93.8333,8.58,73.85,24.96,10,Low
Ziro,27.5833,93.8333,25.68,81.41,26.97,8,Moderate
Ziro,27.5833,93.8333,0.89,52.85,32.46,14,Low
Ziro,27.5833,93.8333,0.25,76.31,26.37,16,Low
Ziro,27.5833,93.8333,15.62,75.49,20.61,13,Low
Ziro,27.5833,93.8333,0.32,88.19,30.12,19,Moderate
Ziro,27.5833,93.8333,17.03,74.27,23.93,11,Low
Ziro,27.5833,93.8333,0.4,83.7,22.52,22,Low
Ziro,27.5833,93.8333,9.06,83.71,29.21,10,Moderate
Ziro,27.5833,93.8333,2.31,75.89,28.73,8,Low
Ziro,27.5833,93.8333,0.7,77.22,34.48,7,Low
Ziro,27.5833,93.8333,27.07,86.36,24.11,12,Moderate
Ziro,27.5833,93.8333,30.47,82.29,22.32,17,Moderate
Ziro,27.5833,93.8333,6.37,97.61,24.86,12,Moderate
Ziro,27.5833,93.8333,4.44,89.6,27.97,11,Moderate
Ziro,27.5833,93.8333,0.21,78.84,24.18,6,Low
Ziro,27.5833,93.8333,10.26,91.59,19.7,6,Low
Ziro,27.5833,93.8333,7.25,80.62,26.03,13,Low
Ziro,27.5833,93.8333,8.03,68.3,25.6,12,Low
Ziro,27.5833,93.8333,12.32,65.34,20.45,11,Low
Ziro,27.5833,93.8333,3.01,85.47,25.13,7,Low
Ziro,27.5833,93.8333,0.93,89.78,24.2,7,Low
Ziro,27.5833,93.8333,0.14,84.15,35.49,10,Moderate
Ziro,27.5833,93.8333,40.71,82.18,23.12,11,Moderate
Ziro,27.5833,93.8333,5.4,72.26,28.85,12,Low
Ziro,27.5833,93.8333,2.68,63.72,19.11,15,Low
Ziro,27.5833,93.8333,3.54,65.45,20.84,11,Low
Ziro,27.5833,93.8333,0.34,87.14,28.38,11,Moderate
Ziro,27.5833,93.8333,37.87,66.82,22.44,6,Low
Ziro,27.5833,93.8333,7.34,64.26,31.96,11,Low
Ziro,27.5833,93.8333,0.26,78.92,23.55,10,Low
Ziro,27.5833,93.8333,11.06,98.0,23.92,9,Moderate
Ziro,27.5833,93.8333,12.81,64.41,27.71,20,Low
Ziro,27.5833,93.8333,4.06,74.76,30.37,12,Low
Ziro,27.5833,93.8333,2.81,73.18,22.32,9,Low
Ziro,27.5833,93.8333,7.08,75.78,27.37,15,Low
Ziro,27.5833,93.8333,7.72,74.92,28.16,12,Low
Ziro,27.5833,93.8333,25.48,61.9,22.58,10,Low
Ziro,27.5833,93.8333,13.41,85.16,21.56,11,Low
Ziro,27.5833,93.8333,0.0,74.26,20.49,14,Low
Ziro,27.5833,93.8333,16.4,71.57,27.4,10,Low
Ziro,27.5833,93.8333,1.55,75.03,25.65,7,Low
Ziro,27.5833,93.8333,9.06,55.47,24.46,12,Low
Ziro,27.5833,93.8333,1.82,52.47,26.7,15,Low
Ziro,27.5833,93.8333,0.11,70.34,28.46,16,Low
Ziro,27.5833,93.8333,22.49,59.76,28.14,13,Low
Ziro,27.5833,93.8333,73.88,67.12,25.73,10,Moderate
Ziro,27.5833,93.8333,5.4,62.56,31.14,13,Low
Ziro,27.5833,93.8333,4.37,51.9,22.68,14,Low
Ziro,27.5833,93.8333,64.83,77.39,21.67,7,Moderate
Ziro,27.5833,93.8333,5.9,69.68,25.54,12,Low
Ziro,27.5833,93.8333,1.29,91.76,27.91,10,Moderate
Ziro,27.5833,93.8333,0.61,77.39,22.89,11,Low
Ziro,27.5833,93.8333,37.35,50.14,23.5,10,Low
Ziro,27.5833,93.8333,8.2,64.47,24.9,12,Low
Ziro,27.5833,93.8333,0.09,68.74,30.8,6,Low
Ziro,27.5833,93.8333,0.01,52.62,20.39,8,Low
Ziro,27.5833,93.8333,0.65,64.96,26.62,17,Low
Ziro,27.5833,93.8333,0.59,72.93,23.54,9,Low
Ziro,27.5833,93.8333,1.11,69.16,28.85,8,Low
Ziro,27.5833,93.8333,9.75,78.11,28.18,12,Low
Ziro,27.5833,93.8333,0.01,63.09,30.59,14,Low
Ziro,27.5833,93.8333,0.07,52.7,19.15,13,Low
Ziro,27.5833,93.8333,5.35,67.79,24.49,9,Low
Ziro,27.5833,93.8333,0.04,60.17,20.94,10,Low
Ziro,27.5833,93.8333,13.13,54.24,19.28,18,Low
Ziro,27.5833,93.8333,4.1,88.58,28.67,11,Moderate
Ziro,27.5833,93.8333,6.2,73.96,20.05,4,Low
Ziro,27.5833,93.8333,12.67,74.71,29.84,16,Moderate
Ziro,27.5833,93.8333,0.94,51.53,31.39,12,Low
Ziro,27.5833,93.8333,1.81,60.08,27.01,10,Low
Ziro,27.5833,93.8333,2.09,64.17,27.36,11,Low
Ziro,27.5833,93.8333,2.39,73.58,25.17,6,Low
Ziro,27.5833,93.8333,6.79,61.77,16.66,8,Low
Ziro,27.5833,93.8333,3.39,54.19,29.85,8,Low
Ziro,27.5833,93.8333,10.38,59.56,29.63,9,Low
Ziro,27.5833,93.8333,5.75,49.54,22.97,13,Low
Ziro,27.5833,93.8333,0.98,72.61,26.16,14,Low
Ziro,27.5833,93.8333,4.11,70.43,19.92,14,Low
Ziro,27.5833,93.8333,1.08,65.03,25.14,14,Low
Ziro,27.5833,93.8333,1.62,50.44,27.14,8,Low
Ziro,27.5833,93.8333,2.16,43.58,32.12,9,Low
Ziro,27.5833,93.8333,0.1,53.41,30.13,12,Low
Ziro,27.5833,93.8333,3.29,58.14,27.06,15,Low
Ziro,27.5833,93.8333,0.19,55.89,24.49,11,Low
Ziro,27.5833,93.8333,3.28,72.81,23.98,9,Low
Ziro,27.5833,93.8333,0.48,58.98,25.91,13,Low
Ziro,27.5833,93.8333,0.06,47.07,25.86,13,Low
Ziro,27.5833,93.8333,0.16,54.46,23.28,10,Low
Ziro,27.5833,93.8333,1.24,67.62,19.82,9,Low
Ziro,27.5833,93.8333,2.51,56.66,24.1,11,Low
Ziro,27.5833,93.8333,0.01,66.53,22.46,12,Low
Ziro,27.5833,93.8333,0.97,67.99,15.53,10,Low
Ziro,27.5833,93.8333,0.06,80.01,28.45,8,Low
Ziro,27.5833,93.8333,0.16,66.58,18.83,8,Low
Ziro,27.5833,93.8333,0.56,75.19,24.1,10,Low
Ziro,27.5833,93.8333,3.54,54.88,21.37,15,Low
Ziro,27.5833,93.8333,5.67,49.74,24.17,14,Low
Ziro,27.5833,93.8333,0.01,51.26,24.07,9,Low
Ziro,27.5833,93.8333,3.7,57.95,23.1,13,Low
Ziro,27.5833,93.8333,0.77,71.97,31.66,14,Low
Ziro,27.5833,93.8333,1.47,58.56,24.69,11,Low
Ziro,27.5833,93.8333,1.88,54.83,23.1,8,Low
Dimapur,25.9091,93.7266,0.03,45.88,5.0,4,Low
Dimapur,25.9091,93.7266,0.71,42.84,15.03,4,Low
Dimapur,25.9091,93.7266,0.44,45.83,16.39,5,Low
Dimapur,25.9091,93.7266,0.26,52.15,14.22,7,Low
Dimapur,25.9091,93.7266,0.9,58.61,11.83,4,Low
Dimapur,25.9091,93.7266,1.7,39.75,10.25,3,Low
Dimapur,25.9091,93.7266,0.66,42.28,9.62,7,Low
Dimapur,25.9091,93.7266,0.38,56.64,10.28,7,Low
Dimapur,25.9091,93.7266,1.03,51.56,11.62,3,Low
Dimapur,25.9091,93.7266,0.01,47.49,15.63,4,Low
Dimapur,25.9091,93.7266,0.27,40.25,8.78,8,Low
Dimapur,25.9091,93.7266,0.06,68.17,16.57,7,Low
Dimapur,25.9091,93.7266,0.42,52.31,14.82,9,Low
Dimapur,25.9091,93.7266,1.22,38.18,14.2,9,Low
Dimapur,25.9091,93.7266,0.07,68.77,15.62,2,Low
Dimapur,25.9091,93.7266,1.26,55.75,8.89,4,Low
Dimapur,25.9091,93.7266,1.59,35.99,5.0,6,Low
Dimapur,25.9091,93.7266,0.42,55.73,13.63,6,Low
Dimapur,25.9091,93.7266,0.21,57.95,10.57,3,Low
Dimapur,25.9091,93.7266,0.09,54.99,16.19,4,Low
Dimapur,25.9091,93.7266,0.69,44.46,10.96,12,Low
Dimapur,25.9091,93.7266,5.12,57.51,17.45,6,Low
Dimapur,25.9091,93.7266,1.49,35.69,6.22,4,Low
Dimapur,25.9091,93.7266,1.01,43.37,16.43,5,Low
Dimapur,25.9091,93.7266,0.05,29.53,10.53,5,Low
Dimapur,25.9091,93.7266,2.14,39.66,19.95,5,Low
Dimapur,25.9091,93.7266,1.07,26.7,14.73,4,Low
Dimapur,25.9091,93.7266,1.24,47.82,12.43,6,Low
Dimapur,25.9091,93.7266,0.79,42.02,14.68,5,Low
Dimapur,25.9091,93.7266,0.43,44.88,7.14,8,Low
Dimapur,25.9091,93.7266,0.77,48.55,13.68,13,Low
Dimapur,25.9091,93.7266,1.05,49.37,10.06,3,Low
Dimapur,25.9091,93.7266,1.45,28.47,8.61,4,Low
Dimapur,25.9091,93.7266,0.06,50.67,12.88,3,Low
Dimapur,25.9091,93.7266,2.47,60.57,14.09,5,Low
Dimapur,25.9091,93.7266,2.26,37.58,12.02,7,Low
Dimapur,25.9091,93.7266,1.05,66.78,17.0,3,Low
Dimapur,25.9091,93.7266,5.74,42.12,11.2,3,Low
Dimapur,25.9091,93.7266,2.36,55.99,12.63,8,Low
Dimapur,25.9091,93.7266,0.29,40.52,6.73,1,Low
Dimapur,25.9091,93.7266,1.18,38.28,13.14,4,Low
Dimapur,25.9091,93.7266,0.95,50.59,7.49,4,Low
Dimapur,25.9091,93.7266,0.22,40.75,12.79,5,Low
Dimapur,25.9091,93.7266,1.24,59.88,5.91,6,Low
Dimapur,25.9091,93.7266,0.14,48.64,8.1,5,Low
Dimapur,25.9091,93.7266,1.74,39.69,9.24,3,Low
Dimapur,25.9091,93.7266,0.62,55.96,16.02,4,Low
Dimapur,25.9091,93.7266,5.4,39.61,11.21,8,Low
Dimapur,25.9091,93.7266,0.41,42.54,14.77,4,Low
Dimapur,25.9091,93.7266,0.4,17.0,10.85,8,Low
Dimapur,25.9091,93.7266,1.1,45.41,14.0,3,Low
Dimapur,25.9091,93.7266,8.9,43.98,14.39,4,Low
Dimapur,25.9091,93.7266,0.19,46.48,9.94,1,Low
Dimapur,25.9091,93.7266,6.81,46.79,13.04,6,Low
Dimapur,25.9091,93.7266,3.94,48.91,17.59,5,Low
Dimapur,25.9091,93.7266,6.21,47.57,10.51,7,Low
Dimapur,25.9091,93.7266,0.0,43.7,9.7,7,Low
Dimapur,25.9091,93.7266,8.11,46.23,5.28,6,Low
Dimapur,25.9091,93.7266,1.04,61.77,11.73,3,Low
Dimapur,25.9091,93.7266,2.16,40.35,15.23,5,Low
Dimapur,25.9091,93.7266,7.04,26.29,11.09,3,Low
Dimapur,25.9091,93.7266,0.47,50.11,18.2,4,Low
Dimapur,25.9091,93.7266,1.71,63.85,16.43,8,Low
Dimapur,25.9091,93.7266,0.25,48.41,14.56,6,Low
Dimapur,25.9091,93.7266,1.56,27.96,13.76,8,Low
Dimapur,25.9091,93.7266,6.72,49.12,14.41,7,Low
Dimapur,25.9091,93.7266,0.53,39.85,11.19,4,Low
Dimapur,25.9091,93.7266,22.92,67.59,10.89,6,Low
Dimapur,25.9091,93.7266,2.26,32.85,11.59,3,Low
Dimapur,25.9091,93.7266,13.9,45.07,6.19,7,Low
Dimapur,25.9091,93.7266,0.02,44.23,11.85,5,Low
Dimapur,25.9091,93.7266,8.71,51.27,12.94,6,Low
Dimapur,25.9091,93.7266,1.58,45.33,15.75,4,Low
Dimapur,25.9091,93.7266,3.79,30.87,10.38,2,Low
Dimapur,25.9091,93.7266,3.4,53.51,9.95,3,Low
Dimapur,25.9091,93.7266,1.35,48.71,8.8,2,Low
Dimapur,25.9091,93.7266,0.73,57.01,7.46,3,Low
Dimapur,25.9091,93.7266,0.34,38.04,17.22,2,Low
Dimapur,25.9091,93.7266,26.54,68.41,22.51,5,Low
Dimapur,25.9091,93.7266,5.03,42.04,9.04,6,Low
Dimapur,25.9091,93.7266,0.78,80.61,11.43,4,Low
Dimapur,25.9091,93.7266,1.54,57.61,9.59,8,Low
Dimapur,25.9091,93.7266,17.71,42.07,10.63,2,Low
Dimapur,25.9091,93.7266,1.33,25.87,11.41,5,Low
Dimapur,25.9091,93.7266,21.53,73.17,13.62,4,Low
Dimapur,25.9091,93.7266,4.2,57.95,10.8,4,Low
Dimapur,25.9091,93.7266,10.76,51.15,16.93,7,Low
Dimapur,25.9091,93.7266,1.06,60.57,9.52,7,Low
Dimapur,25.9091,93.7266,18.01,51.24,19.15,3,Low
Dimapur,25.9091,93.7266,14.86,73.66,15.56,3,Low
Dimapur,25.9091,93.7266,3.82,42.22,14.94,5,Low
Dimapur,25.9091,93.7266,0.28,76.4,14.05,4,Low
Dimapur,25.9091,93.7266,0.38,58.77,12.52,7,Low
Dimapur,25.9091,93.7266,0.02,67.98,16.9,5,Low
Dimapur,25.9091,93.7266,1.37,63.28,12.9,4,Low
Dimapur,25.9091,93.7266,7.87,75.03,15.43,4,Low
Dimapur,25.9091,93.7266,0.23,60.01,11.37,6,Low
Dimapur,25.9091,93.7266,1.81,48.19,9.94,2,Low
Dimapur,25.9091,93.7266,26.12,60.84,9.44,5,Low
Dimapur,25.9091,93.7266,14.68,53.44,10.37,5,Low
Dimapur,25.9091,93.7266,8.59,56.77,8.37,3,Low
Dimapur,25.9091,93.7266,0.09,56.17,14.93,4,Low
Dimapur,25.9091,93.7266,25.9,53.83,11.18,3,Low
Dimapur,25.9091,93.7266,4.86,59.47,9.98,3,Low
Dimapur,25.9091,93.7266,42.32,75.82,17.9,6,Moderate
Dimapur,25.9091,93.7266,0.52,49.42,11.87,7,Low
Dimapur,25.9091,93.7266,1.63,73.43,10.75,7,Low
Dimapur,25.9091,93.7266,10.02,72.24,12.34,1,Low
Dimapur,25.9091,93.7266,28.25,71.59,8.7,6,Low
Dimapur,25.9091,93.7266,23.15,57.23,10.36,8,Low
Dimapur,25.9091,93.7266,18.51,72.28,17.94,6,Low
Dimapur,25.9091,93.7266,9.66,52.18,9.76,6,Low
Dimapur,25.9091,93.7266,2.99,47.61,6.52,7,Low
Dimapur,25.9091,93.7266,12.93,67.97,10.64,9,Low
Dimapur,25.9091,93.7266,19.26,68.75,15.61,3,Low
Dimapur,25.9091,93.7266,0.73,69.58,11.04,6,Low
Dimapur,25.9091,93.7266,5.39,47.69,14.93,4,Low
Dimapur,25.9091,93.7266,28.25,65.41,8.21,5,Low
Dimapur,25.9091,93.7266,6.71,64.09,12.66,9,Low
Dimapur,25.9091,93.7266,14.82,65.07,14.47,3,Low
Dimapur,25.9091,93.7266,6.37,42.74,12.21,9,Low
Dimapur,25.9091,93.7266,0.7,68.46,10.32,7,Low
Dimapur,25.9091,93.7266,12.13,46.77,12.21,3,Low
Dimapur,25.9091,93.7266,9.83,86.74,13.28,3,Low
Dimapur,25.9091,93.7266,6.84,58.57,13.85,6,Low
Dimapur,25.9091,93.7266,31.04,63.24,11.21,5,Low
Dimapur,25.9091,93.7266,16.49,56.78,13.59,5,Low
Dimapur,25.9091,93.7266,0.37,61.09,12.18,9,Low
Dimapur,25.9091,93.7266,9.3,61.4,12.61,6,Low
Dimapur,25.9091,93.7266,7.87,72.29,11.51,4,Low
Dimapur,25.9091,93.7266,11.91,58.97,5.0,6,Low
Dimapur,25.9091,93.7266,0.15,55.8,12.13,4,Low
Dimapur,25.9091,93.7266,9.25,58.52,8.16,5,Low
Dimapur,25.9091,93.7266,4.33,53.05,8.46,5,Low
Dimapur,25.9091,93.7266,4.47,62.37,8.71,4,Low
Dimapur,25.9091,93.7266,6.32,65.63,7.97,3,Low
Dimapur,25.9091,93.7266,10.28,57.92,9.7,7,Low
Dimapur,25.9091,93.7266,6.14,35.66,11.55,6,Low
Dimapur,25.9091,93.7266,5.57,56.67,13.22,1,Low
Dimapur,25.9091,93.7266,5.04,44.21,16.3,5,Low
Dimapur,25.9091,93.7266,6.57,45.74,7.62,7,Low
Dimapur,25.9091,93.7266,4.79,61.38,13.81,5,Low
Dimapur,25.9091,93.7266,15.54,54.65,13.86,7,Low
Dimapur,25.9091,93.7266,13.96,66.99,10.22,6,Low
Dimapur,25.9091,93.7266,25.9,50.54,15.52,4,Low
Dimapur,25.9091,93.7266,6.73,64.29,11.47,6,Low
Dimapur,25.9091,93.7266,8.99,71.54,12.71,6,Low
Dimapur,25.9091,93.7266,13.77,37.28,14.04,4,Low
Dimapur,25.9091,93.7266,20.77,71.08,8.11,1,Low
Dimapur,25.9091,93.7266,5.3,58.01,13.36,6,Low
Dimapur,25.9091,93.7266,5.64,50.57,14.57,11,Low
Dimapur,25.9091,93.7266,10.39,56.63,11.51,6,Low
Dimapur,25.9091,93.7266,0.0,46.25,10.72,7,Low
Dimapur,25.9091,93.7266,1.79,48.83,16.15,5,Low
Dimapur,25.9091,93.7266,12.52,34.44,8.11,9,Low
Dimapur,25.9091,93.7266,1.81,68.08,16.03,6,Low
Dimapur,25.9091,93.7266,6.21,51.87,10.14,3,Low
Dimapur,25.9091,93.7266,2.26,50.69,9.51,9,Low
Dimapur,25.9091,93.7266,1.01,49.98,10.86,6,Low
Dimapur,25.9091,93.7266,1.2,69.7,12.73,8,Low
Dimapur,25.9091,93.7266,0.32,61.44,16.33,3,Low
Dimapur,25.9091,93.7266,0.08,39.69,18.1,4,Low
Dimapur,25.9091,93.7266,0.2,49.95,17.99,6,Low
Dimapur,25.9091,93.7266,1.25,58.67,13.21,5,Low
Dimapur,25.9091,93.7266,0.37,59.84,14.64,5,Low
Dimapur,25.9091,93.7266,5.84,53.66,10.06,3,Low
Dimapur,25.9091,93.7266,0.03,46.2,14.95,11,Low
Dimapur,25.9091,93.7266,0.46,56.02,11.23,2,Low
Dimapur,25.9091,93.7266,0.68,48.21,10.08,2,Low
Dimapur,25.9091,93.7266,0.83,48.54,14.07,3,Low
Dimapur,25.9091,93.7266,0.01,50.55,13.07,4,Low
Dimapur,25.9091,93.7266,0.8,46.56,12.97,1,Low
Dimapur,25.9091,93.7266,3.78,47.95,16.62,4,Low
Dimapur,25.9091,93.7266,0.13,43.26,15.78,4,Low
Dimapur,25.9091,93.7266,4.38,53.9,17.32,5,Low
Dimapur,25.9091,93.7266,2.66,28.96,9.88,6,Low
Dimapur,25.9091,93.7266,0.2,40.84,16.71,3,Low
Dimapur,25.9091,93.7266,1.17,38.99,16.0,7,Low
Dimapur,25.9091,93.7266,5.27,55.4,9.8,7,Low
Dimapur,25.9091,93.7266,1.9,46.24,14.14,9,Low
Dimapur,25.9091,93.7266,0.3,59.85,7.13,1,Low
Dimapur,25.9091,93.7266,0.75,61.63,11.91,3,Low
Dimapur,25.9091,93.7266,0.8,52.55,16.51,4,Low
Dimapur,25.9091,93.7266,3.3,53.7,13.24,1,Low
Dimapur,25.9091,93.7266,0.04,43.07,7.59,5,Low
Dimapur,25.9091,93.7266,6.84,26.07,19.75,4,Low
Dimapur,25.9091,93.7266,0.31,46.91,6.82,5,Low
Dimapur,25.9091,93.7266,0.09,64.33,14.82,6,Low
Dimapur,25.9091,93.7266,0.21,49.31,12.17,3,Low
Dimapur,25.9091,93.7266,0.26,45.89,11.31,5,Low
Dimapur,25.9091,93.7266,0.0,60.79,8.68,5,Low
Dimapur,25.9091,93.7266,5.08,22.02,15.18,5,Low
Dimapur,25.9091,93.7266,1.03,44.44,18.82,3,Low
Dimapur,25.9091,93.7266,0.35,53.35,5.0,6,Low
Dimapur,25.9091,93.7266,3.0,30.11,10.56,8,Low
Dimapur,25.9091,93.7266,0.08,42.72,11.34,2,Low
Dimapur,25.9091,93.7266,0.33,41.32,15.77,4,Low
Dimapur,25.9091,93.7266,2.79,48.06,13.21,10,Low
Dimapur,25.9091,93.7266,1.21,60.92,7.71,7,Low
Dimapur,25.9091,93.7266,0.03,39.58,16.64,4,Low
Guwahati,26.1445,91.7362,0.65,40.04,20.38,9,Low
Guwahati,26.1445,91.7362,0.07,37.11,13.18,10,Low
Guwahati,26.1445,91.7362,1.83,49.99,20.94,11,Low
Guwahati,26.1445,91.7362,0.86,58.55,16.76,8,Low
Guwahati,26.1445,91.7362,0.44,50.29,16.84,10,Low
Guwahati,26.1445,91.7362,1.33,37.67,17.25,7,Low
Guwahati,26.1445,91.7362,0.01,63.81,15.3,14,Low
Guwahati,26.1445,91.7362,0.1,39.36,19.6,9,Low
Guwahati,26.1445,91.7362,1.49,53.19,18.58,6,Low
Guwahati,26.1445,91.7362,0.54,53.63,15.07,8,Low
Guwahati,26.1445,91.7362,0.53,48.73,25.55,9,Low
Guwahati,26.1445,91.7362,1.54,37.98,17.39,6,Low
Guwahati,26.1445,91.7362,0.41,54.08,13.75,9,Low
Guwahati,26.1445,91.7362,2.95,51.22,15.24,8,Low
Guwahati,26.1445,91.7362,0.27,37.76,14.69,13,Low
Guwahati,26.1445,91.7362,0.12,63.91,20.14,9,Low
Guwahati,26.1445,91.7362,2.63,63.54,11.31,6,Low
Guwahati,26.1445,91.7362,1.2,41.97,17.08,11,Low
Guwahati,26.1445,91.7362,0.0,52.31,13.02,17,Low
Guwahati,26.1445,91.7362,0.0,37.6,23.85,11,Low
Guwahati,26.1445,91.7362,0.44,67.59,18.49,6,Low
Guwahati,26.1445,91.7362,0.0,59.5,20.04,9,Low
Guwahati,26.1445,91.7362,0.0,64.67,21.03,4,Low
Guwahati,26.1445,91.7362,0.4,46.76,18.22,12,Low
Guwahati,26.1445,91.7362,0.43,41.71,15.98,12,Low
Guwahati,26.1445,91.7362,0.62,47.46,17.48,7,Low
Guwahati,26.1445,91.7362,1.68,58.53,19.93,6,Low
Guwahati,26.1445,91.7362,0.2,43.06,17.09,5,Low
Guwahati,26.1445,91.7362,1.35,32.45,23.24,10,Low
Guwahati,26.1445,91.7362,0.04,56.72,15.35,6,Low
Guwahati,26.1445,91.7362,0.69,54.55,15.71,14,Low
Guwahati,26.1445,91.7362,0.19,44.71,22.97,10,Low
Guwahati,26.1445,91.7362,0.11,47.97,19.35,9,Low
Guwahati,26.1445,91.7362,0.29,57.46,19.38,9,Low
Guwahati,26.1445,91.7362,1.39,47.29,20.38,10,Low
Guwahati,26.1445,91.7362,4.1,59.62,19.44,8,Low
Guwahati,26.1445,91.7362,0.69,63.87,16.27,6,Low
Guwahati,26.1445,91.7362,2.29,72.54,17.9,4,Low
Guwahati,26.1445,91.7362,0.67,65.14,19.14,6,Low
Guwahati,26.1445,91.7362,0.63,53.73,19.9,6,Low
Guwahati,26.1445,91.7362,3.06,58.39,19.46,9,Low
Guwahati,26.1445,91.7362,0.22,72.67,19.1,5,Low
Guwahati,26.1445,91.7362,3.43,55.11,16.19,5,Low
Guwahati,26.1445,91.7362,0.0,58.36,13.61,6,Low
Guwahati,26.1445,91.7362,0.83,53.06,18.89,13,Low
Guwahati,26.1445,91.7362,0.12,47.51,21.64,10,Low
Guwahati,26.1445,91.7362,13.89,45.38,13.97,9,Low
Guwahati,26.1445,91.7362,18.35,75.35,21.85,9,Low
Guwahati,26.1445,91.7362,0.72,54.77,17.39,14,Low
Guwahati,26.1445,91.7362,0.38,61.74,21.64,4,Low
Guwahati,26.1445,91.7362,0.81,49.6,18.55,13,Low
Guwahati,26.1445,91.7362,14.58,41.82,20.06,8,Low
Guwahati,26.1445,91.7362,14.61,45.49,14.93,12,Low
Guwahati,26.1445,91.7362,6.02,48.58,18.2,10,Low
Guwahati,26.1445,91.7362,33.33,73.98,16.9,10,Low
Guwahati,26.1445,91.7362,2.14,55.49,16.73,7,Low
Guwahati,26.1445,91.7362,4.21,69.96,13.48,7,Low
Guwahati,26.1445,91.7362,0.1,65.87,19.59,7,Low
Guwahati,26.1445,91.7362,0.0,74.81,18.34,10,Low
Guwahati,26.1445,91.7362,0.09,55.16,13.9,11,Low
Guwahati,26.1445,91.7362,12.49,51.85,15.1,8,Low
Guwahati,26.1445,91.7362,7.45,62.7,17.92,6,Low
Guwahati,26.1445,91.7362,14.35,54.26,20.26,5,Low
Guwahati,26.1445,91.7362,0.04,58.92,14.93,13,Low
Guwahati,26.1445,91.7362,0.07,46.32,13.79,7,Low
Guwahati,26.1445,91.7362,0.99,51.19,18.24,8,Low
Guwahati,26.1445,91.7362,0.39,34.62,16.33,9,Low
Guwahati,26.1445,91.7362,5.9,44.92,16.07,8,Low
Guwahati,26.1445,91.7362,0.1,71.07,20.83,8,Low
Guwahati,26.1445,91.7362,1.56,57.97,17.23,8,Low
Guwahati,26.1445,91.7362,5.57,64.61,16.73,9,Low
Guwahati,26.1445,91.7362,0.23,54.06,15.16,12,Low
Guwahati,26.1445,91.7362,6.39,54.82,15.58,11,Low
Guwahati,26.1445,91.7362,21.48,35.77,20.87,9,Low
Guwahati,26.1445,91.7362,3.03,79.88,13.68,9,Low
Guwahati,26.1445,91.7362,0.17,48.3,17.7,12,Low
Guwahati,26.1445,91.7362,3.03,53.63,15.16,11,Low
Guwahati,26.1445,91.7362,3.4,56.3,19.85,8,Low
Guwahati,26.1445,91.7362,8.12,78.05,18.46,9,Low
Guwahati,26.1445,91.7362,2.1,54.17,13.4,7,Low
Guwahati,26.1445,91.7362,0.3,57.82,18.21,8,Low
Guwahati,26.1445,91.7362,0.25,90.82,15.74,8,Low
Guwahati,26.1445,91.7362,0.33,66.13,20.52,14,Low
Guwahati,26.1445,91.7362,19.73,71.37,18.71,9,Low
Guwahati,26.1445,91.7362,14.4,48.24,22.1,10,Low
Guwahati,26.1445,91.7362,29.86,61.47,19.17,9,Low
Guwahati,26.1445,91.7362,0.31,55.55,18.2,14,Low
Guwahati,26.1445,91.7362,2.03,79.29,12.91,9,Low
Guwahati,26.1445,91.7362,0.98,91.45,19.9,19,Low
Guwahati,26.1445,91.7362,2.28,66.67,16.39,12,Low
Guwahati,26.1445,91.7362,2.02,60.17,11.61,8,Low
Guwahati,26.1445,91.7362,0.22,67.04,7.61,9,Low
Guwahati,26.1445,91.7362,0.11,59.25,18.04,6,Low
Guwahati,26.1445,91.7362,2.7,56.24,14.86,8,Low
Guwahati,26.1445,91.7362,2.12,74.05,20.55,11,Low
Guwahati,26.1445,91.7362,1.61,64.21,18.44,7,Low
Guwahati,26.1445,91.7362,7.6,76.38,15.69,6,Low
Guwahati,26.1445,91.7362,6.82,49.05,14.04,10,Low
Guwahati,26.1445,91.7362,7.65,76.63,14.61,13,Low
Guwahati,26.1445,91.7362,9.39,58.19,11.1,9,Low
Guwahati,26.1445,91.7362,0.73,55.95,15.51,13,Low
Guwahati,26.1445,91.7362,0.22,65.18,12.81,8,Low
Guwahati,26.1445,91.7362,2.12,71.15,14.06,13,Low
Guwahati,26.1445,91.7362,3.67,61.61,21.19,9,Low
Guwahati,26.1445,91.7362,6.12,73.89,18.43,7,Low
Guwahati,26.1445,91.7362,1.88,57.9,11.82,6,Low
Guwahati,26.1445,91.7362,23.75,72.6,16.68,6,Low
Guwahati,26.1445,91.7362,21.22,63.64,14.62,9,Low
Guwahati,26.1445,91.7362,3.24,70.38,19.49,10,Low
Guwahati,26.1445,91.7362,35.49,43.53,16.66,6,Low
Guwahati,26.1445,91.7362,5.45,61.76,22.43,8,Low
Guwahati,26.1445,91.7362,39.33,66.96,20.0,3,Low
Guwahati,26.1445,91.7362,21.85,54.55,13.01,10,Low
Guwahati,26.1445,91.7362,0.49,65.48,20.56,11,Low
Guwahati,26.1445,91.7362,1.71,86.87,13.83,13,Low
Guwahati,26.1445,91.7362,12.38,84.39,17.95,10,Low
Guwahati,26.1445,91.7362,0.34,64.67,15.09,8,Low
Guwahati,26.1445,91.7362,2.67,67.32,20.46,3,Low
Guwahati,26.1445,91.7362,8.24,91.46,16.18,2,Low
Guwahati,26.1445,91.7362,0.5,63.17,18.19,10,Low
Guwahati,26.1445,91.7362,0.22,53.13,13.72,9,Low
Guwahati,26.1445,91.7362,1.15,74.83,16.18,10,Low
Guwahati,26.1445,91.7362,32.51,66.57,16.77,10,Low
Guwahati,26.1445,91.7362,58.55,68.82,15.99,4,Moderate
Guwahati,26.1445,91.7362,9.35,61.55,18.67,9,Low
Guwahati,26.1445,91.7362,8.86,87.82,12.83,12,Low
Guwahati,26.1445,91.7362,10.86,76.28,13.83,4,Low
Guwahati,26.1445,91.7362,2.0,45.73,22.16,8,Low
Guwahati,26.1445,91.7362,0.01,72.06,20.51,5,Low
Guwahati,26.1445,91.7362,12.9,73.61,18.57,8,Low
Guwahati,26.1445,91.7362,0.55,66.63,20.18,8,Low
Guwahati,26.1445,91.7362,14.33,91.97,18.65,11,Moderate
Guwahati,26.1445,91.7362,15.39,69.31,12.22,6,Low
Guwahati,26.1445,91.7362,18.6,73.91,20.79,8,Low
Guwahati,26.1445,91.7362,24.38,68.54,13.07,12,Low
Guwahati,26.1445,91.7362,0.66,74.14,15.75,3,Low
Guwahati,26.1445,91.7362,19.71,52.02,12.93,10,Low
Guwahati,26.1445,91.7362,8.08,77.06,17.61,7,Low
Guwahati,26.1445,91.7362,4.03,69.29,18.67,9,Low
Guwahati,26.1445,91.7362,7.54,66.19,16.12,5,Low
Guwahati,26.1445,91.7362,9.49,66.54,18.63,10,Low
Guwahati,26.1445,91.7362,8.63,59.95,9.85,11,Low
Guwahati,26.1445,91.7362,41.85,62.05,12.04,3,Low
Guwahati,26.1445,91.7362,10.73,50.52,19.16,19,Low
Guwahati,26.1445,91.7362,5.98,64.34,15.2,9,Low
Guwahati,26.1445,91.7362,6.44,51.82,13.91,10,Low
Guwahati,26.1445,91.7362,9.64,65.09,17.68,9,Low
Guwahati,26.1445,91.7362,13.73,49.52,20.61,8,Low
Guwahati,26.1445,91.7362,3.9,56.65,18.83,10,Low
Guwahati,26.1445,91.7362,5.34,69.37,13.93,9,Low
Guwahati,26.1445,91.7362,4.72,66.33,17.72,8,Low
Guwahati,26.1445,91.7362,14.11,53.44,17.11,13,Low
Guwahati,26.1445,91.7362,12.8,43.33,20.52,14,Low
Guwahati,26.1445,91.7362,3.29,64.69,19.69,8,Low
Guwahati,26.1445,91.7362,0.46,26.65,17.97,6,Low
Guwahati,26.1445,91.7362,1.61,55.7,19.15,8,Low
Guwahati,26.1445,91.7362,0.81,63.34,19.76,8,Low
Guwahati,26.1445,91.7362,0.17,57.5,17.33,3,Low
Guwahati,26.1445,91.7362,4.93,48.08,20.58,4,Low
Guwahati,26.1445,91.7362,0.03,51.45,13.27,15,Low
Guwahati,26.1445,91.7362,0.89,65.73,17.6,5,Low
Guwahati,26.1445,91.7362,0.11,45.86,18.58,4,Low
Guwahati,26.1445,91.7362,0.68,59.24,18.38,8,Low
Guwahati,26.1445,91.7362,5.51,60.22,16.4,8,Low
Guwahati,26.1445,91.7362,1.18,60.61,12.89,5,Low
Guwahati,26.1445,91.7362,5.96,49.97,20.37,10,Low
Guwahati,26.1445,91.7362,9.14,52.09,13.6,10,Low
Guwahati,26.1445,91.7362,5.52,38.71,18.48,14,Low
Guwahati,26.1445,91.7362,2.35,43.55,13.95,5,Low
Guwahati,26.1445,91.7362,5.14,44.81,19.22,8,Low
Guwahati,26.1445,91.7362,0.98,47.66,12.96,8,Low
Guwahati,26.1445,91.7362,0.88,52.44,17.78,13,Low
Guwahati,26.1445,91.7362,1.14,48.38,21.04,6,Low
Guwahati,26.1445,91.7362,8.64,48.34,12.31,11,Low
Guwahati,26.1445,91.7362,3.1,51.5,21.78,5,Low
Guwahati,26.1445,91.7362,0.77,54.33,12.47,9,Low
Guwahati,26.1445,91.7362,0.4,56.73,23.21,9,Low
Guwahati,26.1445,91.7362,0.12,49.45,16.05,10,Low
Guwahati,26.1445,91.7362,14.48,45.9,15.92,10,Low
Guwahati,26.1445,91.7362,1.42,48.12,17.34,9,Low
Guwahati,26.1445,91.7362,3.15,60.25,17.82,13,Low
Guwahati,26.1445,91.7362,4.74,58.39,18.42,4,Low
Guwahati,26.1445,91.7362,0.25,54.64,10.11,8,Low
Guwahati,26.1445,91.7362,6.4,55.86,21.54,13,Low
Guwahati,26.1445,91.7362,0.33,67.95,18.54,6,Low
Guwahati,26.1445,91.7362,0.01,54.96,16.24,13,Low
Guwahati,26.1445,91.7362,0.27,29.57,15.94,8,Low
Guwahati,26.1445,91.7362,2.65,39.55,13.42,11,Low
Guwahati,26.1445,91.7362,1.01,66.37,15.47,10,Low
Guwahati,26.1445,91.7362,0.98,75.56,14.31,5,Low
Guwahati,26.1445,91.7362,0.06,42.97,14.87,11,Low
Guwahati,26.1445,91.7362,0.35,55.58,21.46,9,Low
Guwahati,26.1445,91.7362,0.31,44.76,16.27,10,Low
Guwahati,26.1445,91.7362,0.97,52.37,14.22,16,Low
Guwahati,26.1445,91.7362,1.55,32.01,18.48,11,Low
Guwahati,26.1445,91.7362,2.9,65.17,15.82,6,Low
Guwahati,26.1445,91.7362,0.94,53.29,7.54,6,Low
Guwahati,26.1445,91.7362,0.35,60.74,19.0,9,Low
Guwahati,26.1445,91.7362,0.32,32.1,19.83,8,Low
Guwahati,26.1445,91.7362,0.17,45.36,27.03,9,Low
Cherrapunji,25.2965,91.7026,50.0,98.0,43.62,49,High
Cherrapunji,25.2965,91.7026,50.0,96.68,44.48,44,High
Cherrapunji,25.2965,91.7026,50.0,98.0,41.22,48,High
Cherrapunji,25.2965,91.7026,213.7,98.0,40.53,42,Severe
Cherrapunji,25.2965,91.7026,165.91,97.96,36.91,44,Severe
Cherrapunji,25.2965,91.7026,193.87,98.0,36.72,43,Severe
Cherrapunji,25.2965,91.7026,198.69,98.0,36.6,47,Severe
Cherrapunji,25.2965,91.7026,171.91,98.0,37.42,42,Severe
Cherrapunji,25.2965,91.7026,374.15,89.9,36.82,45,Severe
Cherrapunji,25.2965,91.7026,317.04,91.71,34.49,48,Severe
Cherrapunji,25.2965,91.7026,406.03,93.0,34.23,43,Severe
Cherrapunji,25.2965,91.7026,336.69,91.52,37.75,47,Severe
Cherrapunji,25.2965,91.7026,350.22,89.94,34.29,43,Severe
Cherrapunji,25.2965,91.7026,50.0,91.95,40.64,42,High
Cherrapunji,25.2965,91.7026,50.0,93.3,37.07,48,High
Cherrapunji,25.2965,91.7026,50.0,94.92,38.94,46,High
Cherrapunji,25.2965,91.7026,50.0,95.72,37.86,44,High
Cherrapunji,25.2965,91.7026,50.0,98.0,41.88,47,High
Cherrapunji,25.2965,91.7026,50.0,97.74,37.27,44,High
Cherrapunji,25.2965,91.7026,50.0,98.0,34.96,44,High
Cherrapunji,25.2965,91.7026,50.0,91.16,37.47,45,High
Cherrapunji,25.2965,91.7026,50.0,98.0,40.08,49,High
Cherrapunji,25.2965,91.7026,50.0,95.83,40.22,44,High
Cherrapunji,25.2965,91.7026,50.0,96.17,35.97,43,High
Cherrapunji,25.2965,91.7026,50.0,98.0,36.42,46,High
Cherrapunji,25.2965,91.7026,50.0,95.69,41.02,48,High
Cherrapunji,25.2965,91.7026,499.14,94.58,38.64,48,Severe
Cherrapunji,25.2965,91.7026,449.99,92.13,37.27,45,Severe
Cherrapunji,25.2965,91.7026,500.0,96.53,38.22,45,Severe
Cherrapunji,25.2965,91.7026,500.0,92.74,41.3,44,Severe
Cherrapunji,25.2965,91.7026,500.0,96.7,41.99,43,Severe
Cherrapunji,25.2965,91.7026,407.48,96.42,36.58,49,Severe
Cherrapunji,25.2965,91.7026,50.0,95.03,36.28,44,High
Cherrapunji,25.2965,91.7026,50.0,94.04,38.68,46,High
Cherrapunji,25.2965,91.7026,50.0,90.67,38.05,47,High
Cherrapunji,25.2965,91.7026,50.0,98.0,37.58,44,High
Cherrapunji,25.2965,91.7026,78.35,93.59,36.06,43,High
Cherrapunji,25.2965,91.7026,70.64,93.35,39.18,45,High
Cherrapunji,25.2965,91.7026,67.58,98.0,41.69,45,High
Cherrapunji,25.2965,91.7026,80.31,94.39,38.01,43,High
Cherrapunji,25.2965,91.7026,131.45,95.19,35.59,46,High
Cherrapunji,25.2965,91.7026,95.34,91.96,35.26,48,High
Cherrapunji,25.2965,91.7026,127.43,98.0,34.44,45,High
Gangtok,27.3389,88.6065,50.0,83.63,40.2,40,Moderate
Gangtok,27.3389,88.6065,50.0,86.48,40.48,41,Moderate
Gangtok,27.3389,88.6065,50.0,82.58,36.83,38,Moderate
Gangtok,27.3389,88.6065,50.0,94.66,35.58,42,Moderate
Gangtok,27.3389,88.6065,50.0,91.34,35.93,37,Moderate
Gangtok,27.3389,88.6065,50.0,98.0,37.99,37,High
Gangtok,27.3389,88.6065,50.0,87.3,41.32,42,Moderate
Gangtok,27.3389,88.6065,50.0,85.3,37.91,35,Moderate
Gangtok,27.3389,88.6065,50.0,92.26,39.43,41,High
Gangtok,27.3389,88.6065,50.0,85.3,40.69,42,Moderate
Gangtok,27.3389,88.6065,50.0,95.96,38.79,37,High
Gangtok,27.3389,88.6065,50.0,98.0,35.92,35,Moderate
Gangtok,27.3389,88.6065,50.0,92.73,40.38,35,Moderate
Gangtok,27.3389,88.6065,184.3,95.17,38.9,40,Severe
Gangtok,27.3389,88.6065,151.64,94.95,43.4,42,High
Gangtok,27.3389,88.6065,160.9,86.82,41.34,37,High
Gangtok,27.3389,88.6065,141.28,91.97,40.62,39,High
Gangtok,27.3389,88.6065,189.72,92.77,42.43,40,Severe
Gangtok,27.3389,88.6065,159.97,92.96,38.92,39,High
Gangtok,27.3389,88.6065,50.0,96.17,39.5,40,High
Gangtok,27.3389,88.6065,50.0,98.0,41.98,42,High
Gangtok,27.3389,88.6065,50.0,94.11,41.91,37,High
Gangtok,27.3389,88.6065,50.0,96.8,40.64,41,High
Gangtok,27.3389,88.6065,50.0,95.63,40.3,36,High
Gangtok,27.3389,88.6065,50.0,89.31,45.28,41,High
Gangtok,27.3389,88.6065,50.0,98.0,40.35,37,High
Gangtok,27.3389,88.6065,121.84,82.94,38.41,42,High
Gangtok,27.3389,88.6065,165.35,89.45,39.13,35,High
Gangtok,27.3389,88.6065,139.45,85.39,39.82,35,High
Gangtok,27.3389,88.6065,134.22,86.42,39.57,37,High
Gangtok,27.3389,88.6065,306.66,97.03,42.88,35,Severe
Gangtok,27.3389,88.6065,258.71,95.18,42.6,42,Severe
Gangtok,27.3389,88.6065,278.33,98.0,40.29,35,Severe
Gangtok,27.3389,88.6065,71.27,86.2,42.72,36,High
Gangtok,27.3389,88.6065,99.69,86.98,41.75,41,High
Gangtok,27.3389,88.6065,88.83,88.29,41.67,41,High
Gangtok,27.3389,88.6065,105.29,89.94,45.38,36,High
Gangtok,27.3389,88.6065,70.2,95.23,38.41,37,High
Gangtok,27.3389,88.6065,81.58,93.82,36.85,41,High
Gangtok,27.3389,88.6065,80.62,95.3,32.52,36,High
Gangtok,27.3389,88.6065,76.82,98.0,36.64,35,High
Gangtok,27.3389,88.6065,59.75,98.0,34.3,39,High
Gangtok,27.3389,88.6065,78.36,98.0,36.93,36,High
Gangtok,27.3389,88.6065,65.99,95.02,39.57,35,High
Gangtok,27.3389,88.6065,60.03,90.25,38.07,41,High
Gangtok,27.3389,88.6065,62.2,89.66,39.83,41,High
Gangtok,27.3389,88.6065,72.61,94.74,35.73,38,High
Gangtok,27.3389,88.6065,74.43,93.23,37.97,36,High
Aizawl,23.7271,92.7176,78.98,82.64,37.2,32,High
Aizawl,23.7271,92.7176,81.76,82.5,32.05,35,High
Aizawl,23.7271,92.7176,80.33,84.52,35.65,34,High
Aizawl,23.7271,92.7176,78.79,80.4,38.53,34,High
Aizawl,23.7271,92.7176,84.08,84.39,36.86,37,High
Aizawl,23.7271,92.7176,69.67,85.31,38.34,35,High
Aizawl,23.7271,92.7176,68.55,86.85,37.15,36,High
Aizawl,23.7271,92.7176,50.0,95.6,30.66,34,Moderate
Aizawl,23.7271,92.7176,50.0,90.76,31.09,35,Moderate
Aizawl,23.7271,92.7176,50.0,90.47,32.6,33,Moderate
Aizawl,23.7271,92.7176,50.0,89.52,37.03,31,Moderate
Aizawl,23.7271,92.7176,50.0,90.37,31.42,37,Moderate
Aizawl,23.7271,92.7176,50.0,98.0,37.89,37,High
Aizawl,23.7271,92.7176,50.0,95.38,36.06,37,Moderate
Aizawl,23.7271,92.7176,50.0,94.69,33.95,35,Moderate
Aizawl,23.7271,92.7176,50.0,90.6,34.27,34,Moderate
Aizawl,23.7271,92.7176,50.0,83.09,33.62,38,Moderate
Aizawl,23.7271,92.7176,50.0,80.56,32.05,31,Moderate
Aizawl,23.7271,92.7176,50.0,86.12,36.52,32,Moderate
Aizawl,23.7271,92.7176,50.0,91.92,33.99,36,Moderate
Aizawl,23.7271,92.7176,50.0,88.65,37.44,34,Moderate
Aizawl,23.7271,92.7176,50.0,82.97,34.07,33,Moderate
Aizawl,23.7271,92.7176,50.0,88.84,37.49,33,Moderate
Aizawl,23.7271,92.7176,50.0,95.04,38.93,37,High
Aizawl,23.7271,92.7176,50.0,92.56,34.71,38,Moderate
Aizawl,23.7271,92.7176,50.0,97.73,35.46,34,Moderate
Aizawl,23.7271,92.7176,52.75,85.35,37.2,38,Moderate
Aizawl,23.7271,92.7176,69.58,87.93,36.57,34,High
Aizawl,23.7271,92.7176,58.3,82.77,38.65,37,Moderate
Aizawl,23.7271,92.7176,64.08,79.88,36.7,34,Moderate
Aizawl,23.7271,92.7176,66.93,87.39,39.08,31,High
Aizawl,23.7271,92.7176,50.0,92.43,34.97,33,Moderate
Aizawl,23.7271,92.7176,50.0,95.98,34.3,31,Moderate
Aizawl,23.7271,92.7176,50.0,94.04,35.64,37,Moderate
Aizawl,23.7271,92.7176,50.0,87.27,36.69,36,Moderate
Aizawl,23.7271,92.7176,50.0,90.83,34.35,36,Moderate
Aizawl,23.7271,92.7176,50.0,97.56,33.41,31,Moderate
Kohima,25.6751,94.1086,50.0,80.02,34.0,27,Moderate
Kohima,25.6751,94.1086,50.0,75.61,34.29,30,Moderate
Kohima,25.6751,94.1086,50.0,71.09,34.53,27,Moderate
Kohima,25.6751,94.1086,65.62,87.39,31.92,23,Moderate
Kohima,25.6751,94.1086,55.39,85.08,30.7,23,Moderate
Kohima,25.6751,94.1086,53.62,80.29,35.31,23,Moderate
Kohima,25.6751,94.1086,51.76,88.81,35.61,30,Moderate
Kohima,25.6751,94.1086,51.73,80.0,35.96,24,Moderate
Kohima,25.6751,94.1086,64.95,85.2,32.7,30,Moderate
Kohima,25.6751,94.1086,50.6,86.15,30.39,28,Moderate
Kohima,25.6751,94.1086,50.0,85.37,30.1,30,Moderate
Kohima,25.6751,94.1086,59.81,83.78,33.08,29,Moderate
Kohima,25.6751,94.1086,64.91,88.81,33.04,26,Moderate
Kohima,25.6751,94.1086,50.0,85.76,32.3,29,Moderate
Kohima,25.6751,94.1086,77.85,79.76,35.14,27,Moderate
Kohima,25.6751,94.1086,78.93,78.75,34.04,23,Moderate
Kohima,25.6751,94.1086,76.65,79.76,36.73,26,Moderate
Kohima,25.6751,94.1086,78.03,81.37,33.28,28,Moderate
Kohima,25.6751,94.1086,82.59,82.32,40.42,26,High
Kohima,25.6751,94.1086,92.53,76.46,32.68,27,Moderate
Kohima,25.6751,94.1086,50.0,81.72,35.95,30,Moderate
Kohima,25.6751,94.1086,50.0,79.98,32.87,23,Moderate
Kohima,25.6751,94.1086,50.0,86.5,34.23,25,Moderate
Tawang,27.5859,91.8594,50.0,71.56,43.52,22,Moderate
Tawang,27.5859,91.8594,50.0,71.14,44.13,22,Moderate
Tawang,27.5859,91.8594,50.0,67.24,49.71,29,Moderate
Tawang,27.5859,91.8594,50.0,66.42,43.87,23,Moderate
Tawang,27.5859,91.8594,50.0,69.44,37.38,27,Moderate
Tawang,27.5859,91.8594,50.0,68.44,38.95,25,Moderate
Tawang,27.5859,91.8594,50.0,75.1,38.52,24,Moderate
Tawang,27.5859,91.8594,50.0,69.68,37.27,29,Moderate
Tawang,27.5859,91.8594,50.0,71.98,36.28,28,Moderate
Tawang,27.5859,91.8594,50.0,69.91,40.38,27,Moderate
Tawang,27.5859,91.8594,50.0,72.28,38.7,27,Moderate
Tawang,27.5859,91.8594,50.0,73.95,40.08,27,Moderate
Tawang,27.5859,91.8594,50.0,72.62,44.53,26,Moderate
Tawang,27.5859,91.8594,50.0,68.48,41.88,25,Moderate
Tawang,27.5859,91.8594,50.0,70.94,40.46,22,Moderate
Tawang,27.5859,91.8594,52.25,71.67,42.01,28,Moderate
Tawang,27.5859,91.8594,66.27,72.24,38.98,23,Moderate
Tawang,27.5859,91.8594,56.97,77.43,36.73,24,Moderate
Tawang,27.5859,91.8594,52.06,70.35,40.85,22,Moderate
Tawang,27.5859,91.8594,60.7,73.03,40.11,28,Moderate
Tawang,27.5859,91.8594,65.48,72.79,36.34,28,Moderate
Tawang,27.5859,91.8594,50.0,90.36,44.51,22,Moderate
Tawang,27.5859,91.8594,50.0,84.33,43.14,27,Moderate
Tawang,27.5859,91.8594,50.0,83.4,42.61,29,Moderate
Tawang,27.5859,91.8594,50.69,74.73,44.13,22,Moderate
Tawang,27.5859,91.8594,57.72,62.08,46.38,22,Moderate
Tawang,27.5859,91.8594,55.92,67.19,46.07,27,Moderate
Tawang,27.5859,91.8594,52.79,68.05,46.26,22,Moderate
Tawang,27.5859,91.8594,53.51,71.75,42.62,26,Moderate
Itanagar,27.0844,93.6053,50.0,87.08,27.19,22,Moderate
Itanagar,27.0844,93.6053,50.0,83.6,30.27,24,Moderate
Itanagar,27.0844,93.6053,50.0,83.01,32.26,20,Moderate
Itanagar,27.0844,93.6053,50.0,86.15,31.45,22,Moderate
Itanagar,27.0844,93.6053,50.0,74.68,27.92,23,Moderate
Itanagar,27.0844,93.6053,50.0,70.23,28.46,24,Moderate
Itanagar,27.0844,93.6053,50.0,77.17,31.71,20,Moderate
Itanagar,27.0844,93.6053,50.0,78.71,30.36,23,Moderate
Itanagar,27.0844,93.6053,50.0,80.18,26.19,24,Moderate
Itanagar,27.0844,93.6053,50.0,86.59,26.34,24,Moderate
Itanagar,27.0844,93.6053,50.0,73.47,29.26,25,Moderate
Itanagar,27.0844,93.6053,50.0,81.07,30.12,19,Moderate
Itanagar,27.0844,93.6053,50.0,79.45,27.57,19,Moderate
Itanagar,27.0844,93.6053,50.0,77.59,26.79,18,Moderate
Itanagar,27.0844,93.6053,50.0,71.04,23.65,25,Moderate
Itanagar,27.0844,93.6053,50.0,77.45,25.75,24,Moderate
Itanagar,27.0844,93.6053,176.86,80.19,32.69,19,High
Itanagar,27.0844,93.6053,173.84,74.66,35.28,21,High
Itanagar,27.0844,93.6053,148.4,70.81,29.6,21,High
Itanagar,27.0844,93.6053,156.65,74.66,30.34,22,High
Itanagar,27.0844,93.6053,165.27,81.59,35.48,20,High
Bomdila,27.2645,92.4159,50.0,83.55,36.58,24,Moderate
Bomdila,27.2645,92.4159,50.0,81.09,34.47,25,Moderate
Bomdila,27.2645,92.4159,50.0,83.63,34.2,20,Moderate
Bomdila,27.2645,92.4159,94.52,78.96,40.56,26,High
Bomdila,27.2645,92.4159,100.19,84.26,40.22,24,High
Bomdila,27.2645,92.4159,73.84,77.54,39.22,27,Moderate
Bomdila,27.2645,92.4159,51.37,85.72,33.99,20,Moderate
Bomdila,27.2645,92.4159,50.0,83.54,31.48,22,Moderate
Bomdila,27.2645,92.4159,58.01,82.29,32.1,25,Moderate
Bomdila,27.2645,92.4159,55.18,85.07,37.2,25,Moderate
Bomdila,27.2645,92.4159,65.23,79.22,33.52,24,Moderate
Bomdila,27.2645,92.4159,50.0,86.77,30.49,25,Moderate
Bomdila,27.2645,92.4159,50.0,82.83,35.75,22,Moderate
Bomdila,27.2645,92.4159,50.0,86.17,37.16,25,Moderate
Bomdila,27.2645,92.4159,50.0,80.07,40.76,22,Moderate
Bomdila,27.2645,92.4159,50.0,87.23,35.78,22,Moderate
Shillong,25.5788,91.8933,50.0,88.95,36.54,28,Moderate
Shillong,25.5788,91.8933,50.0,93.86,33.37,27,Moderate
Shillong,25.5788,91.8933,50.0,89.69,33.52,27,Moderate
Shillong,25.5788,91.8933,50.0,87.67,35.87,26,Moderate
Shillong,25.5788,91.8933,50.0,88.57,29.87,31,Moderate
Shillong,25.5788,91.8933,50.0,93.77,27.36,28,Moderate
Shillong,25.5788,91.8933,50.0,97.25,29.52,31,Moderate
Shillong,25.5788,91.8933,50.0,93.17,28.69,26,Moderate
Shillong,25.5788,91.8933,50.0,94.05,30.98,28,Moderate
Shillong,25.5788,91.8933,50.0,86.8,31.24,29,Moderate
Shillong,25.5788,91.8933,50.0,91.05,36.15,31,Moderate
Shillong,25.5788,91.8933,50.0,80.86,30.68,31,Moderate
Shillong,25.5788,91.8933,50.0,78.53,31.97,32,Moderate
Shillong,25.5788,91.8933,50.0,78.03,29.61,32,Moderate
Shillong,25.5788,91.8933,50.0,68.18,32.85,30,Moderate
Shillong,25.5788,91.8933,50.0,67.39,33.46,32,Moderate
Shillong,25.5788,91.8933,50.0,73.07,33.08,33,Moderate
Shillong,25.5788,91.8933,50.0,72.23,34.07,32,Moderate
Shillong,25.5788,91.8933,50.0,74.92,29.46,32,Moderate
Shillong,25.5788,91.8933,50.0,69.33,32.48,28,Moderate
Shillong,25.5788,91.8933,50.0,78.7,32.18,27,Moderate
Shillong,25.5788,91.8933,50.0,86.14,33.23,32,Moderate
Shillong,25.5788,91.8933,57.19,87.09,32.46,28,Moderate
Shillong,25.5788,91.8933,50.0,81.38,30.53,27,Moderate
Shillong,25.5788,91.8933,50.0,88.19,25.83,32,Moderate
Shillong,25.5788,91.8933,50.0,84.99,30.91,30,Moderate
Imphal,24.817,93.9368,50.0,72.06,16.96,15,Moderate
Imphal,24.817,93.9368,50.0,78.47,16.97,9,Moderate
Imphal,24.817,93.9368,50.0,71.29,18.53,9,Moderate
Imphal,24.817,93.9368,50.0,69.36,13.1,12,Low
Imphal,24.817,93.9368,50.0,73.65,15.08,9,Moderate
Imphal,24.817,93.9368,50.0,68.03,15.56,8,Low
Imphal,24.817,93.9368,50.0,68.14,18.08,9,Moderate
Imphal,24.817,93.9368,50.0,71.63,12.32,8,Low
Imphal,24.817,93.9368,50.0,68.77,10.77,12,Low
Imphal,24.817,93.9368,50.0,74.38,12.49,13,Moderate
Imphal,24.817,93.9368,50.0,68.24,10.35,9,Low
Imphal,24.817,93.9368,50.0,69.82,12.93,11,Low
Imphal,24.817,93.9368,50.0,72.58,13.39,10,Moderate
Imphal,24.817,93.9368,50.0,73.24,14.47,12,Moderate
Imphal,24.817,93.9368,50.0,67.17,19.42,10,Moderate
Imphal,24.817,93.9368,50.0,78.53,16.27,14,Moderate
Imphal,24.817,93.9368,50.0,71.77,15.72,9,Moderate
Imphal,24.817,93.9368,50.0,69.75,15.75,10,Moderate
Guwahati,26.1445,91.7362,63.75,65.74,20.34,13,Moderate
Guwahati,26.1445,91.7362,89.87,73.84,19.64,12,Moderate
Guwahati,26.1445,91.7362,90.69,67.92,14.91,15,Moderate
Guwahati,26.1445,91.7362,81.26,68.85,17.12,16,Moderate
Guwahati,26.1445,91.7362,76.58,66.53,16.53,16,Moderate
Guwahati,26.1445,91.7362,85.79,65.56,16.33,15,Moderate
Guwahati,26.1445,91.7362,83.81,67.44,18.27,9,Moderate
Guwahati,26.1445,91.7362,50.0,71.05,20.96,15,Moderate
Guwahati,26.1445,91.7362,50.0,63.55,16.76,13,Low
Guwahati,26.1445,91.7362,50.0,76.48,18.45,9,Moderate
Guwahati,26.1445,91.7362,50.0,71.4,16.1,14,Moderate
Guwahati,26.1445,91.7362,50.0,73.18,18.42,15,Moderate
Guwahati,26.1445,91.7362,50.0,65.88,17.09,16,Moderate
Guwahati,26.1445,91.7362,50.0,71.18,19.83,10,Moderate
Guwahati,26.1445,91.7362,50.0,76.2,17.65,12,Moderate
Guwahati,26.1445,91.7362,50.0,65.92,20.22,14,Moderate
Guwahati,26.1445,91.7362,50.0,72.47,16.86,11,Moderate
Guwahati,26.1445,91.7362,50.0,73.36,20.85,16,Moderate
Guwahati,26.1445,91.7362,50.0,68.86,18.92,16,Moderate
Guwahati,26.1445,91.7362,50.0,69.13,17.49,12,Moderate
Guwahati,26.1445,91.7362,50.0,66.17,12.77,11,Low
